113344bat	Citrobacter_freundii_isolate_Citrobacter_freundii_str_U2785_genome_assembly_plasmid_2	genome	-	NZ_LS992184.1	at_nt_hok_sok_tadb_sr2	unknown	blastn	0	128974	128748	226	0	0	0	185156
339507bt	Citrobacter_freundii_isolate_Citrobacter_freundii_str_U2785_genome_assembly_plasmid_2	genome	-	NZ_LS992184.1	t_pro_hok_sok_tadb_sr2	unknown	tblastn	0	129015	128821	194	0	0	0	185156
1840bt	Citrobacter_freundii_isolate_Citrobacter_freundii_str_U2785_genome_assembly_plasmid_2	genome	+	NZ_LS992184.1	t_nt_hok_sok_tadb_sr2	unknown	blastn	0	129018	129176	158	0	0	0	185156
452806bt	Citrobacter_freundii_strain_AR_0022_plasmid_unitig_1_pilon_complete_sequence	genome	+	NZ_CP024882.1	t_pro_hok_sok_tadb_sr2	unknown	tblastn	0	102992	103186	194	0	0	0	115736
113912bat	Citrobacter_freundii_strain_AR_0022_plasmid_unitig_1_pilon_complete_sequence	genome	+	NZ_CP024882.1	at_nt_hok_sok_tadb_sr2	unknown	blastn	0	103032	103260	228	0	0	0	115736
157333bt	Citrobacter_freundii_strain_AR_0116_plasmid_unnamed2_complete_sequence	genome	+	NZ_CP032180.1	t_pro_hok_sok_tadb_sr2	unknown	tblastn	0	114539	114736	197	0	0	0	137578
113755bat	Citrobacter_freundii_strain_AR_0116_plasmid_unnamed2_complete_sequence	genome	+	NZ_CP032180.1	at_nt_hok_sok_tadb_sr2	unknown	blastn	0	114582	114810	228	0	0	0	137578
339199bt	Citrobacter_freundii_strain_FDAARGOS_549_plasmid_unnamed_complete_sequence	genome	+	NZ_CP033743.1	t_pro_hok_sok_tadb_sr2	unknown	tblastn	0	91983	92180	197	0	0	0	127175
172413bat	Citrobacter_freundii_strain_FDAARGOS_549_plasmid_unnamed_complete_sequence	genome	+	NZ_CP033743.1	at_nt_hok_sok_tadb_sr2	unknown	blastn	0	92026	92255	229	0	0	0	127175
166634bat	Citrobacter_freundii_strain_UMH14_plasmid_pUMH14_1_complete_sequence	genome	-	NZ_CP024681.1	at_nt_hok_sok_tadb_sr2	unknown	blastn	0	118518	118287	231	0	0	0	134386
339767bt	Citrobacter_freundii_strain_UMH14_plasmid_pUMH14_1_complete_sequence	genome	-	NZ_CP024681.1	t_pro_hok_sok_tadb_sr2	unknown	tblastn	0	118558	118364	194	0	0	0	134386
840759bt	Citrobacter_freundii_strain_UMH14_plasmid_pUMH14_1_complete_sequence	genome	+	NZ_CP024681.1	t_nt_hok_sok_tadb_sr2	unknown	blastn	0	118561	118710	149	0	0	0	134386
160669bat	Citrobacter_sp_CRE_46_strain_AR_0157_plasmid_unnamed5_complete_sequence	genome	-	NZ_CP029733.1	at_nt_hok_sok_tadb_sr2	unknown	blastn	0	52475	52246	229	0	0	0	83094
335699bt	Citrobacter_sp_CRE_46_strain_AR_0157_plasmid_unnamed5_complete_sequence	genome	-	NZ_CP029733.1	t_pro_hok_sok_tadb_sr2	unknown	tblastn	0	52518	52321	197	0	0	0	83094
118472bat	Citrobacter_sp_LY_1_plasmid_unnamed2_complete_sequence	genome	-	NZ_CP037863.1	at_nt_hok_sok_tadb_sr2	unknown	blastn	0	121543	121315	228	0	0	0	143364
339348bt	Citrobacter_sp_LY_1_plasmid_unnamed2_complete_sequence	genome	-	NZ_CP037863.1	t_pro_hok_sok_tadb_sr2	unknown	tblastn	0	121583	121389	194	0	0	0	143364
815000bt	Citrobacter_sp_LY_1_plasmid_unnamed2_complete_sequence	genome	+	NZ_CP037863.1	t_nt_hok_sok_tadb_sr2	unknown	blastn	0	121586	121734	148	0	0	0	143364
115094bat	Cronobacter_malonaticus_LMG_23826_complete_genome	genome	-	NZ_CP013940.1	at_nt_hok_sok_tadb_sr2	unknown	blastn	0	3947984	3947742	242	0	0	0	4294639
100064bt	Cronobacter_malonaticus_LMG_23826_complete_genome	genome	-	NZ_CP013940.1	t_pro_hok_sok_tadb_sr2	unknown	tblastn	0	3948027	3947830	197	0	0	0	4294639
115093bat	Cronobacter_malonaticus_LMG_23826_complete_genome	genome	-	NZ_CP013940.1	at_nt_hok_sok_tadb_sr2	unknown	blastn	0	4153657	4153414	243	0	0	0	4294639
100063bt	Cronobacter_malonaticus_LMG_23826_complete_genome	genome	-	NZ_CP013940.1	t_pro_hok_sok_tadb_sr2	unknown	tblastn	0	4153700	4153503	197	0	0	0	4294639
858757bt	Cronobacter_malonaticus_LMG_23826_complete_genome	genome	+	NZ_CP013940.1	t_nt_hok_sok_tadb_sr2	unknown	blastn	0	4153700	4153852	152	0	0	0	4294639
814944bt	Cronobacter_malonaticus_LMG_23826_plasmid_pCMA2_complete_sequence	genome	-	NZ_CP013942.1	t_nt_hok_sok_tadb_sr2	unknown	blastn	0	5184	5029	155	0	0	0	52622
346670bt	Cronobacter_malonaticus_LMG_23826_plasmid_pCMA2_complete_sequence	genome	+	NZ_CP013942.1	t_pro_hok_sok_tadb_sr2	unknown	tblastn	0	5184	5381	197	0	0	0	52622
115513bat	Cronobacter_malonaticus_LMG_23826_plasmid_pCMA2_complete_sequence	genome	+	NZ_CP013942.1	at_nt_hok_sok_tadb_sr2	unknown	blastn	0	5227	5454	227	0	0	0	52622
130614bt	Cronobacter_malonaticus_strain_CMCC45402_plasmid_p2_complete_sequence	genome	+	NC_023025.1	t_pro_hok_sok_tadb_sr2	unknown	tblastn	0	48358	48555	197	0	0	0	55913
115515bat	Cronobacter_malonaticus_strain_CMCC45402_plasmid_p2_complete_sequence	genome	+	NC_023025.1	at_nt_hok_sok_tadb_sr2	unknown	blastn	0	48401	48628	227	0	0	0	55913
858816bt	Cronobacter_muytjensii_ATCC_51329_complete_genome	genome	-	NZ_CP012268.1	t_nt_hok_sok_tadb_sr2	unknown	blastn	0	3994323	3994159	164	0	0	0	4364114
115509bat	Cronobacter_muytjensii_ATCC_51329_complete_genome	genome	+	NZ_CP012268.1	at_nt_hok_sok_tadb_sr2	unknown	blastn	0	3994366	3994608	242	0	0	0	4364114
100021bt	Cronobacter_sakazakii_ATCC_BAA_894_complete_genome	genome	+	NC_009778.1	t_pro_hok_sok_tadb_sr2	unknown	tblastn	0	3917864	3918061	197	0	0	0	4368373
858755bt	Cronobacter_sakazakii_ATCC_BAA_894_complete_genome	genome	-	NC_009778.1	t_nt_hok_sok_tadb_sr2	unknown	blastn	0	3917864	3917712	152	0	0	0	4368373
115920bat	Cronobacter_sakazakii_ATCC_BAA_894_complete_genome	genome	+	NC_009778.1	at_nt_hok_sok_tadb_sr2	unknown	blastn	0	3917907	3918149	242	0	0	0	4368373
100022bt	Cronobacter_sakazakii_ATCC_BAA_894_complete_genome	genome	+	NC_009778.1	t_pro_hok_sok_tadb_sr2	unknown	tblastn	0	4129420	4129617	197	0	0	0	4368373
115030bat	Cronobacter_sakazakii_ATCC_BAA_894_complete_genome	genome	+	NC_009778.1	at_nt_hok_sok_tadb_sr2	unknown	blastn	0	4129463	4129705	242	0	0	0	4368373
346101bt	Cronobacter_sakazakii_ES15_complete_genome	genome	+	NC_017933.1	t_pro_hok_sok_tadb_sr2	unknown	tblastn	0	159312	159509	197	0	0	0	4268675
115048bat	Cronobacter_sakazakii_ES15_complete_genome	genome	+	NC_017933.1	at_nt_hok_sok_tadb_sr2	unknown	blastn	0	159355	159597	242	0	0	0	4268675
858702bt	Cronobacter_sakazakii_ES15_complete_genome	genome	-	NC_017933.1	t_nt_hok_sok_tadb_sr2	unknown	blastn	0	4226045	4225894	151	0	0	0	4268675
346102bt	Cronobacter_sakazakii_ES15_complete_genome	genome	+	NC_017933.1	t_pro_hok_sok_tadb_sr2	unknown	tblastn	0	4226045	4226242	197	0	0	0	4268675
115906bat	Cronobacter_sakazakii_ES15_complete_genome	genome	+	NC_017933.1	at_nt_hok_sok_tadb_sr2	unknown	blastn	0	4226088	4226330	242	0	0	0	4268675
858697bt	Cronobacter_sakazakii_SP291_complete_genome	genome	-	NC_020260.1	t_nt_hok_sok_tadb_sr2	unknown	blastn	0	3927699	3927547	152	0	0	0	4344092
346098bt	Cronobacter_sakazakii_SP291_complete_genome	genome	+	NC_020260.1	t_pro_hok_sok_tadb_sr2	unknown	tblastn	0	3927699	3927896	197	0	0	0	4344092
115914bat	Cronobacter_sakazakii_SP291_complete_genome	genome	+	NC_020260.1	at_nt_hok_sok_tadb_sr2	unknown	blastn	0	3927742	3927984	242	0	0	0	4344092
346669bt	Cronobacter_sakazakii_SP291_plasmid_pSP291_2_complete_sequence	genome	+	NC_020261.1	t_pro_hok_sok_tadb_sr2	unknown	tblastn	0	39335	39532	197	0	0	0	52134
824233bt	Cronobacter_sakazakii_SP291_plasmid_pSP291_2_complete_sequence	genome	-	NC_020261.1	t_nt_hok_sok_tadb_sr2	unknown	blastn	0	39335	39158	177	0	0	0	52134
115512bat	Cronobacter_sakazakii_SP291_plasmid_pSP291_2_complete_sequence	genome	+	NC_020261.1	at_nt_hok_sok_tadb_sr2	unknown	blastn	0	39378	39605	227	0	0	0	52134
346106bt	Cronobacter_sakazakii_strain_ATCC_29544_complete_genome	genome	+	NZ_CP011047.1	t_pro_hok_sok_tadb_sr2	unknown	tblastn	0	964313	964510	197	0	0	0	4511265
115918bat	Cronobacter_sakazakii_strain_ATCC_29544_complete_genome	genome	+	NZ_CP011047.1	at_nt_hok_sok_tadb_sr2	unknown	blastn	0	964356	964598	242	0	0	0	4511265
346105bt	Cronobacter_sakazakii_strain_ATCC_29544_complete_genome	genome	+	NZ_CP011047.1	t_pro_hok_sok_tadb_sr2	unknown	tblastn	0	1167282	1167479	197	0	0	0	4511265
115046bat	Cronobacter_sakazakii_strain_ATCC_29544_complete_genome	genome	+	NZ_CP011047.1	at_nt_hok_sok_tadb_sr2	unknown	blastn	0	1167325	1167567	242	0	0	0	4511265
346103bt	Cronobacter_sakazakii_strain_GZcsf_1_chromosome_complete_genome	genome	+	NZ_CP028974.1	t_pro_hok_sok_tadb_sr2	unknown	tblastn	0	193483	193680	197	0	0	0	4432028
115044bat	Cronobacter_sakazakii_strain_GZcsf_1_chromosome_complete_genome	genome	+	NZ_CP028974.1	at_nt_hok_sok_tadb_sr2	unknown	blastn	0	193526	193768	242	0	0	0	4432028
115080bat	Cronobacter_turicensis_z3032_complete_genome	genome	-	NC_013282.2	at_nt_hok_sok_tadb_sr2	unknown	blastn	0	4224173	4223931	242	0	0	0	4384463
100047bt	Cronobacter_turicensis_z3032_complete_genome	genome	-	NC_013282.2	t_pro_hok_sok_tadb_sr2	unknown	tblastn	0	4224216	4224019	197	0	0	0	4384463
346672bt	Cronobacter_turicensis_z3032_plasmid_pCTU3_complete_sequence	genome	+	NC_013285.1	t_pro_hok_sok_tadb_sr2	unknown	tblastn	0	5650	5847	197	0	0	0	53842
115510bat	Cronobacter_turicensis_z3032_plasmid_pCTU3_complete_sequence	genome	+	NC_013285.1	at_nt_hok_sok_tadb_sr2	unknown	blastn	0	5693	5920	227	0	0	0	53842
131282bat	Cronobacter_universalis_NCTC_9529_complete_genome	genome	-	NZ_CP012257.1	at_nt_hok_sok_tadb_sr2	unknown	blastn	0	7525	7283	242	0	0	0	4307096
858728bt	Cronobacter_universalis_NCTC_9529_complete_genome	genome	+	NZ_CP012257.1	t_nt_hok_sok_tadb_sr2	unknown	blastn	0	7568	7720	152	0	0	0	4307096
339209bt	Cronobacter_universalis_NCTC_9529_complete_genome	genome	-	NZ_CP012257.1	t_pro_hok_sok_tadb_sr2	unknown	tblastn	0	7568	7371	197	0	0	0	4307096
115074bat	Cronobacter_universalis_NCTC_9529_complete_genome	genome	-	NZ_CP012257.1	at_nt_hok_sok_tadb_sr2	unknown	blastn	0	4103918	4103676	242	0	0	0	4307096
100040bt	Cronobacter_universalis_NCTC_9529_complete_genome	genome	-	NZ_CP012257.1	t_pro_hok_sok_tadb_sr2	unknown	tblastn	0	4103961	4103764	197	0	0	0	4307096
10826bat	Enterobacter_cloacae_complex_'Hoffmann_cluster_III'_strain_DSM_14563_plasmid_pDSMZ14563_complete_seq	genome	-	NZ_CP017187.1	at_nt_hok_sok_tadb_sr2	unknown	blastn	0	118998	118768	230	0	0	0	131604
815005bt	Enterobacter_cloacae_complex_'Hoffmann_cluster_III'_strain_DSM_14563_plasmid_pDSMZ14563_complete_seq	genome	+	NZ_CP017187.1	t_nt_hok_sok_tadb_sr2	unknown	blastn	0	119041	119194	153	0	0	0	131604
405919bt	Enterobacter_cloacae_complex_'Hoffmann_cluster_III'_strain_DSM_14563_plasmid_pDSMZ14563_complete_seq	genome	-	NZ_CP017187.1	t_pro_hok_sok_tadb_sr2	unknown	tblastn	0	119041	118841	200	0	0	0	131604
452826bt	Enterobacter_cloacae_complex_bacterium_strain_FDAARGOS_77_chromosome_complete_genome	genome	+	NZ_CP026975.1	t_pro_hok_sok_tadb_sr2	unknown	tblastn	0	2518764	2518958	194	0	0	0	4876999
113916bat	Enterobacter_cloacae_complex_bacterium_strain_FDAARGOS_77_chromosome_complete_genome	genome	+	NZ_CP026975.1	at_nt_hok_sok_tadb_sr2	unknown	blastn	0	2518804	2519032	228	0	0	0	4876999
118474bat	Enterobacter_cloacae_complex_sp_ABFPL_plasmid_pENT_1ac_complete_sequence	genome	-	NZ_CP017991.1	at_nt_hok_sok_tadb_sr2	unknown	blastn	0	116145	115916	229	0	0	0	144025
339349bt	Enterobacter_cloacae_complex_sp_ABFPL_plasmid_pENT_1ac_complete_sequence	genome	-	NZ_CP017991.1	t_pro_hok_sok_tadb_sr2	unknown	tblastn	0	116185	115991	194	0	0	0	144025
814165bt	Enterobacter_cloacae_complex_sp_ABFPL_plasmid_pENT_1ac_complete_sequence	genome	+	NZ_CP017991.1	t_nt_hok_sok_tadb_sr2	unknown	blastn	0	116188	116349	161	0	0	0	144025
347171bt	Enterobacter_cloacae_isolate_EC_TO80_genome_assembly_plasmid_2	genome	+	NZ_LS999207.1	t_pro_hok_sok_tadb_sr2	unknown	tblastn	0	9581	9781	200	0	0	0	150302
118866bat	Enterobacter_cloacae_isolate_EC_TO80_genome_assembly_plasmid_2	genome	+	NZ_LS999207.1	at_nt_hok_sok_tadb_sr2	unknown	blastn	0	9624	9854	230	0	0	0	150302
868577bat	Enterobacter_cloacae_strain_339389L_chromosome	chromosome	-	NZ_CP026536.1	at_nt_hok_sok_tadb_sr2	unknown	blastn	0	58011	57783	228	0	0	0	5036275
100946bt	Enterobacter_cloacae_strain_339389L_chromosome	chromosome	-	NZ_CP026536.1	t_pro_hok_sok_tadb_sr2	unknown	tblastn	0	58051	57857	194	0	0	0	5036275
452804bt	Enterobacter_cloacae_strain_704SK10_plasmid_p704SK10_1_complete_sequence	genome	+	NZ_CP022149.1	t_pro_hok_sok_tadb_sr2	unknown	tblastn	0	60908	61102	194	0	0	0	111184
113765bat	Enterobacter_cloacae_strain_704SK10_plasmid_p704SK10_1_complete_sequence	genome	+	NZ_CP022149.1	at_nt_hok_sok_tadb_sr2	unknown	blastn	0	60948	61176	228	0	0	0	111184
118277bat	Enterobacter_cloacae_strain_AR_0050_plasmid_unitig_3_pilon_complete_sequence	genome	-	NZ_CP021898.1	at_nt_hok_sok_tadb_sr2	unknown	blastn	0	6268	6039	229	0	0	0	106696
405946bt	Enterobacter_cloacae_strain_AR_0050_plasmid_unitig_3_pilon_complete_sequence	genome	-	NZ_CP021898.1	t_pro_hok_sok_tadb_sr2	unknown	tblastn	0	6311	6111	200	0	0	0	106696
815130bt	Enterobacter_cloacae_strain_AR_0050_plasmid_unitig_3_pilon_complete_sequence	genome	+	NZ_CP021898.1	t_nt_hok_sok_tadb_sr2	unknown	blastn	0	6311	6464	153	0	0	0	106696
820107bt	Enterobacter_cloacae_strain_AR_0053_plasmid_unitig_2_complete_sequence	genome	-	NZ_CP021777.1	t_nt_hok_sok_tadb_sr2	unknown	blastn	0	19530	19376	154	0	0	0	70882
452818bt	Enterobacter_cloacae_strain_AR_0053_plasmid_unitig_2_complete_sequence	genome	+	NZ_CP021777.1	t_pro_hok_sok_tadb_sr2	unknown	tblastn	0	19533	19727	194	0	0	0	70882
114054bat	Enterobacter_cloacae_strain_AR_0053_plasmid_unitig_2_complete_sequence	genome	+	NZ_CP021777.1	at_nt_hok_sok_tadb_sr2	unknown	blastn	0	19573	19800	227	0	0	0	70882
118470bat	Enterobacter_cloacae_strain_AR_0154_plasmid_unnamed1_complete_sequence	genome	-	NZ_CP029719.1	at_nt_hok_sok_tadb_sr2	unknown	blastn	0	111425	111197	228	0	0	0	138933
339370bt	Enterobacter_cloacae_strain_AR_0154_plasmid_unnamed1_complete_sequence	genome	-	NZ_CP029719.1	t_pro_hok_sok_tadb_sr2	unknown	tblastn	0	111465	111271	194	0	0	0	138933
820159bt	Enterobacter_cloacae_strain_E3442_plasmid_p3442_FRI_1_complete_sequence	genome	-	NZ_CP033467.1	t_nt_hok_sok_tadb_sr2	unknown	blastn	0	36154	36001	153	0	0	0	93658
118855bat	Enterobacter_cloacae_strain_E3442_plasmid_p3442_FRI_1_complete_sequence	genome	+	NZ_CP033467.1	at_nt_hok_sok_tadb_sr2	unknown	blastn	0	36197	36427	230	0	0	0	93658
118425bat	Enterobacter_cloacae_strain_EN3600_plasmid_unnamed5_complete_sequence	genome	-	NZ_CP035637.1	at_nt_hok_sok_tadb_sr2	unknown	blastn	0	73857	73629	228	0	0	0	86605
339350bt	Enterobacter_cloacae_strain_EN3600_plasmid_unnamed5_complete_sequence	genome	-	NZ_CP035637.1	t_pro_hok_sok_tadb_sr2	unknown	tblastn	0	73897	73703	194	0	0	0	86605
815290bt	Enterobacter_cloacae_strain_EN3600_plasmid_unnamed5_complete_sequence	genome	+	NZ_CP035637.1	t_nt_hok_sok_tadb_sr2	unknown	blastn	0	73900	74050	150	0	0	0	86605
350185bt	Enterobacter_cloacae_strain_MS7884A_chromosome_complete_genome	genome	+	NZ_CP022532.1	t_pro_hok_sok_tadb_sr2	unknown	tblastn	0	2610432	2610632	200	0	0	0	4810853
118760bat	Enterobacter_cloacae_strain_MS7884A_chromosome_complete_genome	genome	+	NZ_CP022532.1	at_nt_hok_sok_tadb_sr2	unknown	blastn	0	2610475	2610704	229	0	0	0	4810853
452816bt	Enterobacter_cloacae_subsp_cloacae_ATCC_13047_plasmid_pECL_A_complete_sequence	genome	+	NC_014107.1	t_pro_hok_sok_tadb_sr2	unknown	tblastn	0	90257	90451	194	0	0	0	199562
113922bat	Enterobacter_cloacae_subsp_cloacae_ATCC_13047_plasmid_pECL_A_complete_sequence	genome	+	NC_014107.1	at_nt_hok_sok_tadb_sr2	unknown	blastn	0	90297	90525	228	0	0	0	199562
820279bt	Enterobacter_hormaechei_subsp_hoffmannii_strain_AR_0365_plasmid_unnamed2_complete_sequence	genome	-	NZ_CP027145.1	t_nt_hok_sok_tadb_sr2	unknown	blastn	0	82928	82767	161	0	0	0	101548
452819bt	Enterobacter_hormaechei_subsp_hoffmannii_strain_AR_0365_plasmid_unnamed2_complete_sequence	genome	+	NZ_CP027145.1	t_pro_hok_sok_tadb_sr2	unknown	tblastn	0	82931	83125	194	0	0	0	101548
113759bat	Enterobacter_hormaechei_subsp_hoffmannii_strain_AR_0365_plasmid_unnamed2_complete_sequence	genome	+	NZ_CP027145.1	at_nt_hok_sok_tadb_sr2	unknown	blastn	0	82971	83199	228	0	0	0	101548
452787bt	Enterobacter_sp_638_plasmid_pENTE01_complete_sequence	genome	+	NC_009425.1	t_pro_hok_sok_tadb_sr2	unknown	tblastn	0	87405	87599	194	0	0	0	157749
124315bat	Enterobacter_sp_638_plasmid_pENTE01_complete_sequence	genome	+	NC_009425.1	at_nt_hok_sok_tadb_sr2	unknown	blastn	0	87445	87673	228	0	0	0	157749
820216bt	Enterobacter_sp_638_plasmid_pENTE01_complete_sequence	genome	-	NC_009425.1	t_nt_hok_sok_tadb_sr2	unknown	blastn	0	98539	98376	163	0	0	0	157749
452786bt	Enterobacter_sp_638_plasmid_pENTE01_complete_sequence	genome	+	NC_009425.1	t_pro_hok_sok_tadb_sr2	unknown	tblastn	0	98542	98736	194	0	0	0	157749
124314bat	Enterobacter_sp_638_plasmid_pENTE01_complete_sequence	genome	+	NC_009425.1	at_nt_hok_sok_tadb_sr2	unknown	blastn	0	98582	98810	228	0	0	0	157749
820215bt	Enterobacter_sp_638_plasmid_pENTE01_complete_sequence	genome	-	NC_009425.1	t_nt_hok_sok_tadb_sr2	unknown	blastn	0	104083	103929	154	0	0	0	157749
452788bt	Enterobacter_sp_638_plasmid_pENTE01_complete_sequence	genome	+	NC_009425.1	t_pro_hok_sok_tadb_sr2	unknown	tblastn	0	104086	104280	194	0	0	0	157749
1049bat	Enterobacter_sp_638_plasmid_pENTE01_complete_sequence	genome	+	NC_009425.1	at_nt_hok_sok_tadb_sr2	unknown	blastn	0	104126	104353	227	0	0	0	157749
855238bt	Enterobacter_sp_FY_07_complete_genome	genome	-	NZ_CP012487.1	t_nt_hok_sok_tadb_sr2	unknown	blastn	0	384176	384030	146	0	0	0	5118646
340326bt	Enterobacter_sp_FY_07_complete_genome	genome	+	NZ_CP012487.1	t_pro_hok_sok_tadb_sr2	unknown	tblastn	0	384176	384373	197	0	0	0	5118646
133016bat	Enterobacter_sp_FY_07_complete_genome	genome	+	NZ_CP012487.1	at_nt_hok_sok_tadb_sr2	unknown	blastn	0	384219	384449	230	0	0	0	5118646
57512bt	Enterobacter_sp_N18_03635_plasmid_pFRI_6_complete_sequence	genome	-	NZ_CP034768.1	t_nt_hok_sok_tadb_sr2	unknown	blastn	0	29001	28848	153	0	0	0	125786
452805bt	Enterobacter_sp_N18_03635_plasmid_pFRI_6_complete_sequence	genome	+	NZ_CP034768.1	t_pro_hok_sok_tadb_sr2	unknown	tblastn	0	29004	29198	194	0	0	0	125786
113927bat	Enterobacter_sp_N18_03635_plasmid_pFRI_6_complete_sequence	genome	+	NZ_CP034768.1	at_nt_hok_sok_tadb_sr2	unknown	blastn	0	29044	29272	228	0	0	0	125786
125737bat	Enterobacter_sp_R4_368_complete_genome	genome	-	NC_021500.1	at_nt_hok_sok_tadb_sr2	unknown	blastn	0	2677105	2676877	228	0	0	0	5039027
343063bt	Enterobacter_sp_R4_368_complete_genome	genome	-	NC_021500.1	t_pro_hok_sok_tadb_sr2	unknown	tblastn	0	2677145	2676951	194	0	0	0	5039027
824229bt	Enterobacter_sp_R4_368_complete_genome	genome	+	NC_021500.1	t_nt_hok_sok_tadb_sr2	unknown	blastn	0	2677148	2677290	142	0	0	0	5039027
114398bat	Enterobacter_sp_R4_368_plasmid_pENT01_complete_sequence	genome	-	NC_021492.1	at_nt_hok_sok_tadb_sr2	unknown	blastn	0	103454	103228	226	0	0	0	116007
858738bt	Enterobacter_sp_R4_368_plasmid_pENT01_complete_sequence	genome	+	NC_021492.1	t_nt_hok_sok_tadb_sr2	unknown	blastn	0	103497	103658	161	0	0	0	116007
339203bt	Enterobacter_sp_R4_368_plasmid_pENT01_complete_sequence	genome	-	NC_021492.1	t_pro_hok_sok_tadb_sr2	unknown	tblastn	0	103497	103300	197	0	0	0	116007
819690bt	Enterobacteriaceae_bacterium_ENNIH2_plasmid_pENT_812c_complete_sequence	genome	-	NZ_CP026189.1	t_nt_hok_sok_tadb_sr2	unknown	blastn	0	34757	34603	154	0	0	0	171306
452798bt	Enterobacteriaceae_bacterium_ENNIH2_plasmid_pENT_812c_complete_sequence	genome	+	NZ_CP026189.1	t_pro_hok_sok_tadb_sr2	unknown	tblastn	0	34760	34954	194	0	0	0	171306
114053bat	Enterobacteriaceae_bacterium_ENNIH2_plasmid_pENT_812c_complete_sequence	genome	+	NZ_CP026189.1	at_nt_hok_sok_tadb_sr2	unknown	blastn	0	34800	35026	226	0	0	0	171306
452810bt	Erwinia_amylovora_ATCC_49946_chromosomal_sequence	genome	+	NC_013971.1	t_pro_hok_sok_tadb_sr2	unknown	tblastn	0	581127	581321	194	0	0	0	3805874
124294bat	Erwinia_amylovora_ATCC_49946_chromosomal_sequence	genome	+	NC_013971.1	at_nt_hok_sok_tadb_sr2	unknown	blastn	0	581167	581395	228	0	0	0	3805874
113723bat	Escherichia_albertii_strain_05_3106_plasmid_unnamed2_complete_sequence	genome	-	NZ_CP030780.2	at_nt_hok_sok_tadb_sr2	unknown	blastn	0	46969	46739	230	0	0	0	80632
814270bt	Escherichia_albertii_strain_05_3106_plasmid_unnamed2_complete_sequence	genome	+	NZ_CP030780.2	t_nt_hok_sok_tadb_sr2	unknown	blastn	0	47012	47165	153	0	0	0	80632
355184bt	Escherichia_albertii_strain_07_3866_plasmid_unnamed_complete_sequence	genome	+	NZ_CP030782.1	t_pro_hok_sok_tadb_sr2	unknown	tblastn	0	76113	76313	200	0	0	0	104269
814269bt	Escherichia_albertii_strain_07_3866_plasmid_unnamed_complete_sequence	genome	-	NZ_CP030782.1	t_nt_hok_sok_tadb_sr2	unknown	blastn	0	76113	75961	152	0	0	0	104269
113732bat	Escherichia_albertii_strain_07_3866_plasmid_unnamed_complete_sequence	genome	+	NZ_CP030782.1	at_nt_hok_sok_tadb_sr2	unknown	blastn	0	76156	76386	230	0	0	0	104269
113722bat	Escherichia_albertii_strain_2012EL_1823B_plasmid_unnamed2_complete_sequence	genome	-	NZ_CP030785.2	at_nt_hok_sok_tadb_sr2	unknown	blastn	0	44435	44205	230	0	0	0	81130
405728bt	Escherichia_albertii_strain_2012EL_1823B_plasmid_unnamed2_complete_sequence	genome	-	NZ_CP030785.2	t_pro_hok_sok_tadb_sr2	unknown	tblastn	0	44478	44278	200	0	0	0	81130
171268bt	Escherichia_albertii_strain_2014C_4015_plasmid_p2014C_4015_3_complete_sequence	genome	+	NZ_CP034167.1	t_pro_hok_sok_tadb_sr2	unknown	tblastn	0	24406	24621	215	0	0	0	136645
124475bat	Escherichia_albertii_strain_2014C_4015_plasmid_p2014C_4015_3_complete_sequence	genome	+	NZ_CP034167.1	at_nt_hok_sok_tadb_sr2	unknown	blastn	0	24469	24694	225	0	0	0	136645
1735bt	Escherichia_albertii_strain_2014C_4356_plasmid_unnamed2_complete_sequence	genome	-	NZ_CP024284.1	t_nt_hok_sok_tadb_sr2	unknown	blastn	0	36314	36156	158	0	0	0	59626
124192bat	Escherichia_albertii_strain_2014C_4356_plasmid_unnamed2_complete_sequence	genome	+	NZ_CP024284.1	at_nt_hok_sok_tadb_sr2	unknown	blastn	0	36358	36582	224	0	0	0	59626
452789bt	Escherichia_albertii_strain_2014C_4356_plasmid_unnamed5_complete_sequence	genome	+	NZ_CP024287.1	t_pro_hok_sok_tadb_sr2	unknown	tblastn	0	122339	122533	194	0	0	0	124142
124668bat	Escherichia_albertii_strain_2014C_4356_plasmid_unnamed5_complete_sequence	genome	+	NZ_CP024287.1	at_nt_hok_sok_tadb_sr2	unknown	blastn	0	122380	122607	227	0	0	0	124142
452774bt	Escherichia_albertii_strain_ChinaSP140150_plasmid_pEA_2_complete_sequence	genome	+	NZ_CP025678.1	t_pro_hok_sok_tadb_sr2	unknown	tblastn	0	25275	25469	194	0	0	0	57110
113633bat	Escherichia_albertii_strain_ChinaSP140150_plasmid_pEA_2_complete_sequence	genome	+	NZ_CP025678.1	at_nt_hok_sok_tadb_sr2	unknown	blastn	0	25316	25556	240	0	0	0	57110
113683bat	Escherichia_coli_042_plasmid_pAA_complete_sequence	genome	-	NC_017627.1	at_nt_hok_sok_tadb_sr2	unknown	blastn	0	86808	86578	230	0	0	0	113346
405748bt	Escherichia_coli_042_plasmid_pAA_complete_sequence	genome	-	NC_017627.1	t_pro_hok_sok_tadb_sr2	unknown	tblastn	0	86851	86651	200	0	0	0	113346
814163bt	Escherichia_coli_042_plasmid_pAA_complete_sequence	genome	+	NC_017627.1	t_nt_hok_sok_tadb_sr2	unknown	blastn	0	86851	87004	153	0	0	0	113346
452455bt	Escherichia_coli_1303_plasmid_p1303_109_complete_sequence	genome	+	NZ_CP009167.1	t_pro_hok_sok_tadb_sr2	unknown	tblastn	0	65631	65825	194	0	0	0	108501
124667bat	Escherichia_coli_1303_plasmid_p1303_109_complete_sequence	genome	+	NZ_CP009167.1	at_nt_hok_sok_tadb_sr2	unknown	blastn	0	65672	65898	226	0	0	0	108501
814267bt	Escherichia_coli_B7A_plasmid_pEB2_complete_sequence	genome	-	NZ_CP006000.1	t_nt_hok_sok_tadb_sr2	unknown	blastn	0	40625	40472	153	0	0	0	52028
124708bat	Escherichia_coli_B7A_plasmid_pEB2_complete_sequence	genome	+	NZ_CP006000.1	at_nt_hok_sok_tadb_sr2	unknown	blastn	0	40669	40895	226	0	0	0	52028
113682bat	Escherichia_coli_B7A_plasmid_pEB3_complete_sequence	genome	-	NZ_CP006001.1	at_nt_hok_sok_tadb_sr2	unknown	blastn	0	7426	7196	230	0	0	0	66341
814162bt	Escherichia_coli_B7A_plasmid_pEB3_complete_sequence	genome	+	NZ_CP006001.1	t_nt_hok_sok_tadb_sr2	unknown	blastn	0	7469	7622	153	0	0	0	66341
355236bt	Escherichia_coli_E2865_plasmid_pE2865_3_DNA_complete_genome	genome	+	NZ_AP018811.1	t_pro_hok_sok_tadb_sr2	unknown	tblastn	0	31792	31992	200	0	0	0	75799
814236bt	Escherichia_coli_E2865_plasmid_pE2865_3_DNA_complete_genome	genome	-	NZ_AP018811.1	t_nt_hok_sok_tadb_sr2	unknown	blastn	0	31792	31639	153	0	0	0	75799
113699bat	Escherichia_coli_E2865_plasmid_pE2865_3_DNA_complete_genome	genome	+	NZ_AP018811.1	at_nt_hok_sok_tadb_sr2	unknown	blastn	0	31835	32064	229	0	0	0	75799
113681bat	Escherichia_coli_ETEC_H10407_p948_plasmid	genome	-	NC_017724.1	at_nt_hok_sok_tadb_sr2	unknown	blastn	0	54803	54573	230	0	0	0	94797
814302bt	Escherichia_coli_ETEC_H10407_p948_plasmid	genome	+	NC_017724.1	t_nt_hok_sok_tadb_sr2	unknown	blastn	0	54846	54999	153	0	0	0	94797
868352bat	Escherichia_coli_FAP1_plasmid_unnamed_3_complete_sequence	chromosome	-	NZ_CP009581.1	at_nt_hok_sok_tadb_sr2	unknown	blastn	0	3242	3016	226	0	0	0	62384
16740bt	Escherichia_coli_FAP1_plasmid_unnamed_3_complete_sequence	chromosome	-	NZ_CP009581.1	t_pro_hok_sok_tadb_sr2	unknown	tblastn	0	3282	3085	197	0	0	0	62384
108490bt	Escherichia_coli_FAP1_plasmid_unnamed_3_complete_sequence	chromosome	+	NZ_CP009581.1	t_nt_hok_sok_tadb_sr2	unknown	blastn	0	3285	3438	153	0	0	0	62384
113356bat	Escherichia_coli_NCCP15648_plasmid_p15648_3_complete_sequence	genome	-	NZ_CP009053.1	at_nt_hok_sok_tadb_sr2	unknown	blastn	0	21769	21543	226	0	0	0	78111
342998bt	Escherichia_coli_NCCP15648_plasmid_p15648_3_complete_sequence	genome	-	NZ_CP009053.1	t_pro_hok_sok_tadb_sr2	unknown	tblastn	0	21810	21616	194	0	0	0	78111
350972bt	Escherichia_coli_O145_H28_str_RM12761_plasmid_pRM12761_complete_sequence	genome	+	NZ_CP007134.1	t_pro_hok_sok_tadb_sr2	unknown	tblastn	0	4041	4241	200	0	0	0	58666
114397bat	Escherichia_coli_O145_H28_str_RM12761_plasmid_pRM12761_complete_sequence	genome	+	NZ_CP007134.1	at_nt_hok_sok_tadb_sr2	unknown	blastn	0	4084	4310	226	0	0	0	58666
814148bt	Escherichia_coli_O157_H7_plasmid_pO157pv15279_pv15_279_DNA_complete_genome	genome	-	NZ_AP018489.1	t_nt_hok_sok_tadb_sr2	unknown	blastn	0	46148	45995	153	0	0	0	94391
452386bt	Escherichia_coli_O157_H7_plasmid_pO157pv15279_pv15_279_DNA_complete_genome	genome	+	NZ_AP018489.1	t_pro_hok_sok_tadb_sr2	unknown	tblastn	0	46151	46345	194	0	0	0	94391
124467bat	Escherichia_coli_O157_H7_plasmid_pO157pv15279_pv15_279_DNA_complete_genome	genome	+	NZ_AP018489.1	at_nt_hok_sok_tadb_sr2	unknown	blastn	0	46192	46418	226	0	0	0	94391
452532bt	Escherichia_coli_O157_H7_strain_1130_plasmid_pO157_complete_sequence	genome	+	NZ_CP017435.1	t_pro_hok_sok_tadb_sr2	unknown	tblastn	0	71474	71668	194	0	0	0	92624
124654bat	Escherichia_coli_O157_H7_strain_1130_plasmid_pO157_complete_sequence	genome	+	NZ_CP017435.1	at_nt_hok_sok_tadb_sr2	unknown	blastn	0	71515	71741	226	0	0	0	92624
113340bat	Escherichia_coli_O15_H11_strain_90_9272_plasmid_unnamed	genome	-	NZ_CP024238.1	at_nt_hok_sok_tadb_sr2	unknown	blastn	0	119753	119523	230	0	0	0	274465
405645bt	Escherichia_coli_O15_H11_strain_90_9272_plasmid_unnamed	genome	-	NZ_CP024238.1	t_pro_hok_sok_tadb_sr2	unknown	tblastn	0	119793	119596	197	0	0	0	274465
814041bt	Escherichia_coli_O15_H11_strain_90_9272_plasmid_unnamed	genome	+	NZ_CP024238.1	t_nt_hok_sok_tadb_sr2	unknown	blastn	0	119796	119949	153	0	0	0	274465
847061bt	Escherichia_coli_O26_H11_str_11368_plasmid_pO26_2_DNA_complete_sequence	genome	-	NC_013362.1	t_nt_hok_sok_tadb_sr2	unknown	blastn	0	5084	4931	153	0	0	0	63365
452780bt	Escherichia_coli_O26_H11_str_11368_plasmid_pO26_2_DNA_complete_sequence	genome	+	NC_013362.1	t_pro_hok_sok_tadb_sr2	unknown	tblastn	0	5087	5284	197	0	0	0	63365
127311bat	Escherichia_coli_O26_H11_str_11368_plasmid_pO26_2_DNA_complete_sequence	genome	+	NC_013362.1	at_nt_hok_sok_tadb_sr2	unknown	blastn	0	5127	5360	233	0	0	0	63365
351003bt	Escherichia_coli_SE11_plasmid_pSE11_2_DNA_complete_sequence	genome	+	NC_011413.1	t_pro_hok_sok_tadb_sr2	unknown	tblastn	0	36564	36764	200	0	0	0	91158
814299bt	Escherichia_coli_SE11_plasmid_pSE11_2_DNA_complete_sequence	genome	-	NC_011413.1	t_nt_hok_sok_tadb_sr2	unknown	blastn	0	36564	36411	153	0	0	0	91158
113672bat	Escherichia_coli_SE11_plasmid_pSE11_2_DNA_complete_sequence	genome	+	NC_011413.1	at_nt_hok_sok_tadb_sr2	unknown	blastn	0	36607	36837	230	0	0	0	91158
867800bat	Escherichia_coli_UMNF18_plasmid_pUMNF18_87_whole_genome_shotgun_sequence	chromosome	-	NZ_AGTD01000003.1	at_nt_hok_sok_tadb_sr2	unknown	blastn	0	15943	15713	230	0	0	0	87792
16733bt	Escherichia_coli_UMNF18_plasmid_pUMNF18_87_whole_genome_shotgun_sequence	chromosome	-	NZ_AGTD01000003.1	t_pro_hok_sok_tadb_sr2	unknown	tblastn	0	15983	15786	197	0	0	0	87792
234403bt	Escherichia_coli_UMNF18_plasmid_pUMNF18_IncFV_whole_genome_shotgun_sequence	chromosome	+	NZ_AGTD01000004.1	t_pro_hok_sok_tadb_sr2	unknown	tblastn	0	66785	66979	194	0	0	0	103624
867795bat	Escherichia_coli_UMNF18_plasmid_pUMNF18_IncFV_whole_genome_shotgun_sequence	chromosome	+	NZ_AGTD01000004.1	at_nt_hok_sok_tadb_sr2	unknown	blastn	0	66826	67050	224	0	0	0	103624
452791bt	Escherichia_coli_UMNK88_plasmid_pUMNK88_Hly_complete_sequence	genome	+	NC_017643.1	t_pro_hok_sok_tadb_sr2	unknown	tblastn	0	2276	2470	194	0	0	0	65549
129100bat	Escherichia_coli_UMNK88_plasmid_pUMNK88_Hly_complete_sequence	genome	+	NC_017643.1	at_nt_hok_sok_tadb_sr2	unknown	blastn	0	2317	2543	226	0	0	0	65549
867798bat	Escherichia_coli_isolate_Co6114_plasmid_pC06114_1_complete_sequence	chromosome	-	NZ_CP016035.1	at_nt_hok_sok_tadb_sr2	unknown	blastn	0	40968	40744	224	0	0	0	129085
104878bt	Escherichia_coli_isolate_Co6114_plasmid_pC06114_1_complete_sequence	chromosome	-	NZ_CP016035.1	t_pro_hok_sok_tadb_sr2	unknown	tblastn	0	41009	40815	194	0	0	0	129085
832068bt	Escherichia_coli_strain_14EC047_plasmid_p14EC047a_complete_sequence	genome	-	NZ_CP024156.1	t_nt_hok_sok_tadb_sr2	unknown	blastn	0	32328	32166	162	0	0	0	60258
847217bt	Escherichia_coli_strain_14EC047_plasmid_p14EC047a_complete_sequence	genome	-	NZ_CP024156.1	t_nt_hok_sok_tadb_sr2	unknown	blastn	0	32526	32372	154	0	0	0	60258
350900bt	Escherichia_coli_strain_14EC047_plasmid_p14EC047a_complete_sequence	genome	+	NZ_CP024156.1	t_pro_hok_sok_tadb_sr2	unknown	tblastn	0	32526	32726	200	0	0	0	60258
118415bat	Escherichia_coli_strain_14EC047_plasmid_p14EC047a_complete_sequence	genome	+	NZ_CP024156.1	at_nt_hok_sok_tadb_sr2	unknown	blastn	0	32569	32795	226	0	0	0	60258
1846bt	Escherichia_coli_strain_14EC047_plasmid_p14EC047b_complete_sequence	genome	-	NZ_CP024157.1	t_nt_hok_sok_tadb_sr2	unknown	blastn	0	85306	85149	157	0	0	0	88736
452781bt	Escherichia_coli_strain_14EC047_plasmid_p14EC047b_complete_sequence	genome	+	NZ_CP024157.1	t_pro_hok_sok_tadb_sr2	unknown	tblastn	0	85309	85503	194	0	0	0	88736
124229bat	Escherichia_coli_strain_14EC047_plasmid_p14EC047b_complete_sequence	genome	+	NZ_CP024157.1	at_nt_hok_sok_tadb_sr2	unknown	blastn	0	85350	85574	224	0	0	0	88736
127313bat	Escherichia_coli_strain_2011C_3911_plasmid_unnamed1_complete_sequence	genome	-	NZ_CP015239.1	at_nt_hok_sok_tadb_sr2	unknown	blastn	0	96373	96144	229	0	0	0	125977
405934bt	Escherichia_coli_strain_2011C_3911_plasmid_unnamed1_complete_sequence	genome	-	NZ_CP015239.1	t_pro_hok_sok_tadb_sr2	unknown	tblastn	0	96414	96217	197	0	0	0	125977
40505bt	Escherichia_coli_strain_2013C_4974_plasmid_unnamed	genome	-	NZ_CP027588.1	t_nt_hok_sok_tadb_sr2	unknown	blastn	0	10900	10747	153	0	0	0	58109
113707bat	Escherichia_coli_strain_2013C_4974_plasmid_unnamed	genome	+	NZ_CP027588.1	at_nt_hok_sok_tadb_sr2	unknown	blastn	0	10943	11173	230	0	0	0	58109
867811bat	Escherichia_coli_strain_2014C_3716_plasmid_unnamed2	chromosome	-	NZ_CP027337.1	at_nt_hok_sok_tadb_sr2	unknown	blastn	0	22207	21978	229	0	0	0	62870
100874bt	Escherichia_coli_strain_2014C_3716_plasmid_unnamed2	chromosome	-	NZ_CP027337.1	t_pro_hok_sok_tadb_sr2	unknown	tblastn	0	22247	22049	198	0	0	0	62870
113610bat	Escherichia_coli_strain_2015C_4136CT1_plasmid_unnamed_complete_sequence	genome	-	NZ_CP027551.1	at_nt_hok_sok_tadb_sr2	unknown	blastn	0	160706	160482	224	0	0	0	162810
339465bt	Escherichia_coli_strain_2015C_4136CT1_plasmid_unnamed_complete_sequence	genome	-	NZ_CP027551.1	t_pro_hok_sok_tadb_sr2	unknown	tblastn	0	160747	160553	194	0	0	0	162810
814033bt	Escherichia_coli_strain_317_plasmid_p100_complete_sequence	genome	-	NZ_CP023358.1	t_nt_hok_sok_tadb_sr2	unknown	blastn	0	13821	13669	152	0	0	0	100008
113738bat	Escherichia_coli_strain_317_plasmid_p100_complete_sequence	genome	+	NZ_CP023358.1	at_nt_hok_sok_tadb_sr2	unknown	blastn	0	13864	14094	230	0	0	0	100008
113703bat	Escherichia_coli_strain_504239_plasmid_p504239_155_complete_sequence	genome	-	NZ_CP025861.1	at_nt_hok_sok_tadb_sr2	unknown	blastn	0	128756	128526	230	0	0	0	155850
405649bt	Escherichia_coli_strain_504239_plasmid_p504239_155_complete_sequence	genome	-	NZ_CP025861.1	t_pro_hok_sok_tadb_sr2	unknown	tblastn	0	128826	128599	227	0	0	0	155850
121119bat	Escherichia_coli_strain_51008369SK1_plasmid_p51008369SK1_D_complete_sequence	genome	-	NZ_CP029977.1	at_nt_hok_sok_tadb_sr2	unknown	blastn	0	27433	27207	226	0	0	0	61284
405758bt	Escherichia_coli_strain_51008369SK1_plasmid_p51008369SK1_D_complete_sequence	genome	-	NZ_CP029977.1	t_pro_hok_sok_tadb_sr2	unknown	tblastn	0	27476	27276	200	0	0	0	61284
452468bt	Escherichia_coli_strain_746_plasmid_p62_complete_sequence	genome	+	NZ_CP023354.1	t_pro_hok_sok_tadb_sr2	unknown	tblastn	0	23455	23649	194	0	0	0	62312
124609bat	Escherichia_coli_strain_746_plasmid_p62_complete_sequence	genome	+	NZ_CP023354.1	at_nt_hok_sok_tadb_sr2	unknown	blastn	0	23496	23722	226	0	0	0	62312
220148bt	Escherichia_coli_strain_89_3506_isolate_89_3506_plasmid_unnamed1	chromosome	+	NZ_CP027521.1	t_pro_hok_sok_tadb_sr2	unknown	tblastn	0	156648	156842	194	0	0	0	160231
867789bat	Escherichia_coli_strain_89_3506_isolate_89_3506_plasmid_unnamed1	chromosome	+	NZ_CP027521.1	at_nt_hok_sok_tadb_sr2	unknown	blastn	0	156689	156914	225	0	0	0	160231
113507bat	Escherichia_coli_strain_AR_0077_plasmid_tig00000042_pilon_complete_sequence	genome	-	NZ_CP026754.1	at_nt_hok_sok_tadb_sr2	unknown	blastn	0	81034	80808	226	0	0	0	90045
339769bt	Escherichia_coli_strain_AR_0077_plasmid_tig00000042_pilon_complete_sequence	genome	-	NZ_CP026754.1	t_pro_hok_sok_tadb_sr2	unknown	tblastn	0	81075	80881	194	0	0	0	90045
118403bat	Escherichia_coli_strain_C5_plasmid_A_complete_genome	genome	-	NZ_CP010123.1	at_nt_hok_sok_tadb_sr2	unknown	blastn	0	66853	66623	230	0	0	0	214445
405753bt	Escherichia_coli_strain_C5_plasmid_A_complete_genome	genome	-	NZ_CP010123.1	t_pro_hok_sok_tadb_sr2	unknown	tblastn	0	66896	66696	200	0	0	0	214445
130667bat	Escherichia_coli_strain_CI5_plasmid_complete_sequence	genome	-	NZ_CP011019.1	at_nt_hok_sok_tadb_sr2	unknown	blastn	0	140672	140442	230	0	0	0	207265
405702bt	Escherichia_coli_strain_CI5_plasmid_complete_sequence	genome	-	NZ_CP011019.1	t_pro_hok_sok_tadb_sr2	unknown	tblastn	0	140715	140515	200	0	0	0	207265
121242bat	Escherichia_coli_strain_EC25_plasmid_pEC25_1_complete_sequence	genome	-	NZ_CP035124.1	at_nt_hok_sok_tadb_sr2	unknown	blastn	0	46150	45924	226	0	0	0	227349
814384bt	Escherichia_coli_strain_EC25_plasmid_pEC25_1_complete_sequence	genome	+	NZ_CP035124.1	t_nt_hok_sok_tadb_sr2	unknown	blastn	0	46193	46346	153	0	0	0	227349
159296bat	Escherichia_coli_strain_Ecol_422_plasmid_pEC422_1_complete_sequence	genome	-	NZ_CP018961.1	at_nt_hok_sok_tadb_sr2	unknown	blastn	0	257607	257382	225	0	0	0	289903
340363bt	Escherichia_coli_strain_Ecol_422_plasmid_pEC422_1_complete_sequence	genome	-	NZ_CP018961.1	t_pro_hok_sok_tadb_sr2	unknown	tblastn	0	257648	257454	194	0	0	0	289903
113352bat	Escherichia_coli_strain_FMU073332_plasmid_pEcoFMU07332d_sequence	genome	-	NZ_CP017848.1	at_nt_hok_sok_tadb_sr2	unknown	blastn	0	30301	30075	226	0	0	0	137665
339857bt	Escherichia_coli_strain_FMU073332_plasmid_pEcoFMU07332d_sequence	genome	-	NZ_CP017848.1	t_pro_hok_sok_tadb_sr2	unknown	tblastn	0	30342	30148	194	0	0	0	137665
121004bat	Escherichia_coli_strain_FORC_064_plasmid_pFORC64_3_complete_sequence	genome	-	NZ_CP023734.1	at_nt_hok_sok_tadb_sr2	unknown	blastn	0	18905	18679	226	0	0	0	57318
405638bt	Escherichia_coli_strain_FORC_064_plasmid_pFORC64_3_complete_sequence	genome	-	NZ_CP023734.1	t_pro_hok_sok_tadb_sr2	unknown	tblastn	0	18948	18748	200	0	0	0	57318
113737bat	Escherichia_coli_strain_FORC_064_plasmid_pFORC64_3_complete_sequence	genome	-	NZ_CP023734.1	at_nt_hok_sok_tadb_sr2	unknown	blastn	0	57265	57035	230	0	0	0	57318
405637bt	Escherichia_coli_strain_FORC_064_plasmid_pFORC64_3_complete_sequence	genome	-	NZ_CP023734.1	t_pro_hok_sok_tadb_sr2	unknown	tblastn	0	57308	57108	200	0	0	0	57318
350895bt	Escherichia_coli_strain_FORC_081_plasmid_pFORC_081_2_complete_sequence	genome	+	NZ_CP029059.1	t_pro_hok_sok_tadb_sr2	unknown	tblastn	0	15942	16142	200	0	0	0	61917
114226bat	Escherichia_coli_strain_FORC_081_plasmid_pFORC_081_2_complete_sequence	genome	+	NZ_CP029059.1	at_nt_hok_sok_tadb_sr2	unknown	blastn	0	15985	16211	226	0	0	0	61917
821060bt	Escherichia_coli_strain_M10_plasmid_A_complete_sequence	genome	-	NZ_CP010201.1	t_nt_hok_sok_tadb_sr2	unknown	blastn	0	7419	7266	153	0	0	0	116581
113691bat	Escherichia_coli_strain_M10_plasmid_A_complete_sequence	genome	+	NZ_CP010201.1	at_nt_hok_sok_tadb_sr2	unknown	blastn	0	7462	7692	230	0	0	0	116581
347705bt	Escherichia_coli_strain_M11_plasmid_A_complete_sequence	genome	+	NZ_CP010207.1	t_pro_hok_sok_tadb_sr2	unknown	tblastn	0	109005	109205	200	0	0	0	138950
820890bt	Escherichia_coli_strain_M11_plasmid_A_complete_sequence	genome	-	NZ_CP010207.1	t_nt_hok_sok_tadb_sr2	unknown	blastn	0	109005	108853	152	0	0	0	138950
118750bat	Escherichia_coli_strain_M11_plasmid_A_complete_sequence	genome	+	NZ_CP010207.1	at_nt_hok_sok_tadb_sr2	unknown	blastn	0	109048	109278	230	0	0	0	138950
867799bat	Escherichia_coli_strain_S17_13_plasmid_p1713_1	chromosome	-	NZ_CP031766.1	at_nt_hok_sok_tadb_sr2	unknown	blastn	0	55915	55689	226	0	0	0	141331
104847bt	Escherichia_coli_strain_S17_13_plasmid_p1713_1	chromosome	-	NZ_CP031766.1	t_pro_hok_sok_tadb_sr2	unknown	tblastn	0	55956	55762	194	0	0	0	141331
113602bat	Escherichia_coli_strain_WCHEC005237_plasmid_pRmtB1_005237_complete_sequence	genome	-	NZ_CP026579.1	at_nt_hok_sok_tadb_sr2	unknown	blastn	0	66756	66532	224	0	0	0	100229
339205bt	Escherichia_coli_strain_WCHEC005237_plasmid_pRmtB1_005237_complete_sequence	genome	-	NZ_CP026579.1	t_pro_hok_sok_tadb_sr2	unknown	tblastn	0	66797	66603	194	0	0	0	100229
118153bat	Klebsiella_aerogenes_strain_NCTC9652_genome_assembly_chromosome_1	genome	-	NZ_LR134223.1	at_nt_hok_sok_tadb_sr2	unknown	blastn	0	20903	20674	229	0	0	0	403436
405916bt	Klebsiella_aerogenes_strain_NCTC9652_genome_assembly_chromosome_1	genome	-	NZ_LR134223.1	t_pro_hok_sok_tadb_sr2	unknown	tblastn	0	20946	20746	200	0	0	0	403436
118135bat	Klebsiella_aerogenes_strain_NCTC9668_genome_assembly_chromosome_1	genome	-	NZ_LR134235.1	at_nt_hok_sok_tadb_sr2	unknown	blastn	0	1800	1540	260	0	0	0	5768342
515389bt	Klebsiella_aerogenes_strain_NCTC9668_genome_assembly_chromosome_1	genome	-	NZ_LR134235.1	t_pro_hok_sok_tadb_sr2	unknown	tblastn	0	1851	1645	206	0	0	0	5768342
350187bt	Klebsiella_aerogenes_strain_NCTC9668_genome_assembly_chromosome_1	genome	+	NZ_LR134235.1	t_pro_hok_sok_tadb_sr2	unknown	tblastn	0	65737	65937	200	0	0	0	5768342
820064bt	Klebsiella_aerogenes_strain_NCTC9668_genome_assembly_chromosome_1	genome	-	NZ_LR134235.1	t_nt_hok_sok_tadb_sr2	unknown	blastn	0	65737	65584	153	0	0	0	5768342
118863bat	Klebsiella_aerogenes_strain_NCTC9668_genome_assembly_chromosome_1	genome	+	NZ_LR134235.1	at_nt_hok_sok_tadb_sr2	unknown	blastn	0	65780	66009	229	0	0	0	5768342
118492bat	Klebsiella_aerogenes_strain_NCTC9997_genome_assembly_plasmid_2	genome	-	NZ_LR134252.1	at_nt_hok_sok_tadb_sr2	unknown	blastn	0	95734	95506	228	0	0	0	276068
339381bt	Klebsiella_aerogenes_strain_NCTC9997_genome_assembly_plasmid_2	genome	-	NZ_LR134252.1	t_pro_hok_sok_tadb_sr2	unknown	tblastn	0	95774	95580	194	0	0	0	276068
452889bt	Klebsiella_michiganensis_strain_M1_plasmid_pKOXM1B_complete_sequence	genome	+	NZ_CP008843.1	t_pro_hok_sok_tadb_sr2	unknown	tblastn	0	114606	114800	194	0	0	0	183015
113955bat	Klebsiella_michiganensis_strain_M1_plasmid_pKOXM1B_complete_sequence	genome	+	NZ_CP008843.1	at_nt_hok_sok_tadb_sr2	unknown	blastn	0	114646	114872	226	0	0	0	183015
126549bat	Klebsiella_oxytoca_strain_AR_0147_complete_genome	genome	-	NZ_CP020358.1	at_nt_hok_sok_tadb_sr2	unknown	blastn	0	428105	427878	227	0	0	0	6350620
339378bt	Klebsiella_oxytoca_strain_AR_0147_complete_genome	genome	-	NZ_CP020358.1	t_pro_hok_sok_tadb_sr2	unknown	tblastn	0	428145	427951	194	0	0	0	6350620
814396bt	Klebsiella_oxytoca_strain_AR_0147_complete_genome	genome	+	NZ_CP020358.1	t_nt_hok_sok_tadb_sr2	unknown	blastn	0	428148	428301	153	0	0	0	6350620
118503bat	Klebsiella_oxytoca_strain_CAV1374_plasmid_pCAV1374_150_complete_sequence	genome	-	NZ_CP011633.1	at_nt_hok_sok_tadb_sr2	unknown	blastn	0	36841	36615	226	0	0	0	150318
339399bt	Klebsiella_oxytoca_strain_CAV1374_plasmid_pCAV1374_150_complete_sequence	genome	-	NZ_CP011633.1	t_pro_hok_sok_tadb_sr2	unknown	tblastn	0	36881	36687	194	0	0	0	150318
37817bt	Klebsiella_oxytoca_strain_CAV1374_plasmid_pCAV1374_150_complete_sequence	genome	+	NZ_CP011633.1	t_nt_hok_sok_tadb_sr2	unknown	blastn	0	36884	37060	176	0	0	0	150318
118480bat	Klebsiella_oxytoca_strain_CAV1752_plasmid_pCAV1752_278_complete_sequence	genome	-	NZ_CP018361.1	at_nt_hok_sok_tadb_sr2	unknown	blastn	0	238846	238618	228	0	0	0	277616
339763bt	Klebsiella_oxytoca_strain_CAV1752_plasmid_pCAV1752_278_complete_sequence	genome	-	NZ_CP018361.1	t_pro_hok_sok_tadb_sr2	unknown	tblastn	0	238889	238692	197	0	0	0	277616
118167bat	Klebsiella_oxytoca_strain_FDAARGOS_335_plasmid_unnamed_complete_sequence	genome	-	NZ_CP027425.1	at_nt_hok_sok_tadb_sr2	unknown	blastn	0	45432	45203	229	0	0	0	195881
815107bt	Klebsiella_oxytoca_strain_FDAARGOS_335_plasmid_unnamed_complete_sequence	genome	+	NZ_CP027425.1	t_nt_hok_sok_tadb_sr2	unknown	blastn	0	45475	45628	153	0	0	0	195881
118491bat	Klebsiella_oxytoca_strain_KONIH5_plasmid_pKOR_ab4d_complete_sequence	genome	-	NZ_CP026276.1	at_nt_hok_sok_tadb_sr2	unknown	blastn	0	144626	144398	228	0	0	0	282476
339380bt	Klebsiella_oxytoca_strain_KONIH5_plasmid_pKOR_ab4d_complete_sequence	genome	-	NZ_CP026276.1	t_pro_hok_sok_tadb_sr2	unknown	tblastn	0	144666	144472	194	0	0	0	282476
118513bat	Klebsiella_pneumoniae_isolate_KP9201_genome_assembly_plasmid_2	genome	-	NZ_LR025093.1	at_nt_hok_sok_tadb_sr2	unknown	blastn	0	58199	57973	226	0	0	0	231732
339383bt	Klebsiella_pneumoniae_isolate_KP9201_genome_assembly_plasmid_2	genome	-	NZ_LR025093.1	t_pro_hok_sok_tadb_sr2	unknown	tblastn	0	58239	58045	194	0	0	0	231732
118161bat	Klebsiella_pneumoniae_plasmid_unnamed1_complete_sequence	genome	-	NZ_CP016160.1	at_nt_hok_sok_tadb_sr2	unknown	blastn	0	161976	161747	229	0	0	0	165276
405833bt	Klebsiella_pneumoniae_plasmid_unnamed1_complete_sequence	genome	-	NZ_CP016160.1	t_pro_hok_sok_tadb_sr2	unknown	tblastn	0	162019	161819	200	0	0	0	165276
817989bt	Klebsiella_pneumoniae_plasmid_unnamed1_complete_sequence	genome	+	NZ_CP016160.1	t_nt_hok_sok_tadb_sr2	unknown	blastn	0	162019	162195	176	0	0	0	165276
105690bt	Klebsiella_pneumoniae_strain_2e_plasmid_unnamed1_complete_sequence	genome	+	NZ_CP028479.1	t_pro_hok_sok_tadb_sr2	unknown	tblastn	0	7968	8165	197	0	0	0	129864
114042bat	Klebsiella_pneumoniae_strain_2e_plasmid_unnamed1_complete_sequence	genome	+	NZ_CP028479.1	at_nt_hok_sok_tadb_sr2	unknown	blastn	0	8011	8236	225	0	0	0	129864
818692bt	Klebsiella_pneumoniae_strain_ABFQB_plasmid_unitig_1_complete_sequence	genome	-	NZ_CP036439.1	t_nt_hok_sok_tadb_sr2	unknown	blastn	0	96991	96838	153	0	0	0	115291
100109bt	Klebsiella_pneumoniae_strain_ABFQB_plasmid_unitig_1_complete_sequence	genome	+	NZ_CP036439.1	t_pro_hok_sok_tadb_sr2	unknown	tblastn	0	96991	97188	197	0	0	0	115291
113936bat	Klebsiella_pneumoniae_strain_ABFQB_plasmid_unitig_1_complete_sequence	genome	+	NZ_CP036439.1	at_nt_hok_sok_tadb_sr2	unknown	blastn	0	97034	97262	228	0	0	0	115291
118263bat	Klebsiella_pneumoniae_strain_AR_0140_plasmid_unnamed2_complete_sequence	genome	-	NZ_CP029724.1	at_nt_hok_sok_tadb_sr2	unknown	blastn	0	177882	177653	229	0	0	0	178561
405846bt	Klebsiella_pneumoniae_strain_AR_0140_plasmid_unnamed2_complete_sequence	genome	-	NZ_CP029724.1	t_pro_hok_sok_tadb_sr2	unknown	tblastn	0	177925	177725	200	0	0	0	178561
347734bt	Klebsiella_pneumoniae_strain_AR_0152_plasmid_tig00000195_complete_sequence	genome	+	NZ_CP021946.1	t_pro_hok_sok_tadb_sr2	unknown	tblastn	0	12663	12863	200	0	0	0	120345
819933bt	Klebsiella_pneumoniae_strain_AR_0152_plasmid_tig00000195_complete_sequence	genome	-	NZ_CP021946.1	t_nt_hok_sok_tadb_sr2	unknown	blastn	0	12663	12510	153	0	0	0	120345
118743bat	Klebsiella_pneumoniae_strain_AR_0152_plasmid_tig00000195_complete_sequence	genome	+	NZ_CP021946.1	at_nt_hok_sok_tadb_sr2	unknown	blastn	0	12706	12935	229	0	0	0	120345
118139bat	Klebsiella_pneumoniae_strain_F93_1_plasmid_pF93_1_1_complete_sequence	genome	-	NZ_CP026161.1	at_nt_hok_sok_tadb_sr2	unknown	blastn	0	22560	22331	229	0	0	0	165465
405834bt	Klebsiella_pneumoniae_strain_F93_1_plasmid_pF93_1_1_complete_sequence	genome	-	NZ_CP026161.1	t_pro_hok_sok_tadb_sr2	unknown	tblastn	0	22603	22403	200	0	0	0	165465
452863bt	Klebsiella_pneumoniae_strain_INF042_plasmid_unnamed1_complete_sequence	genome	+	NZ_CP024543.1	t_pro_hok_sok_tadb_sr2	unknown	tblastn	0	61783	61977	194	0	0	0	110374
114011bat	Klebsiella_pneumoniae_strain_INF042_plasmid_unnamed1_complete_sequence	genome	+	NZ_CP024543.1	at_nt_hok_sok_tadb_sr2	unknown	blastn	0	61823	62049	226	0	0	0	110374
118138bat	Klebsiella_pneumoniae_strain_INF116_sc_2279924_plasmid_unnamed1_complete_sequence	genome	-	NZ_CP031793.1	at_nt_hok_sok_tadb_sr2	unknown	blastn	0	119454	119225	229	0	0	0	141675
405815bt	Klebsiella_pneumoniae_strain_INF116_sc_2279924_plasmid_unnamed1_complete_sequence	genome	-	NZ_CP031793.1	t_pro_hok_sok_tadb_sr2	unknown	tblastn	0	119497	119297	200	0	0	0	141675
118509bat	Klebsiella_pneumoniae_strain_INF237_plasmid_pINF237_04_complete_sequence	genome	-	NZ_CP032837.1	at_nt_hok_sok_tadb_sr2	unknown	blastn	0	33634	33408	226	0	0	0	44993
339403bt	Klebsiella_pneumoniae_strain_INF237_plasmid_pINF237_04_complete_sequence	genome	-	NZ_CP032837.1	t_pro_hok_sok_tadb_sr2	unknown	tblastn	0	33674	33480	194	0	0	0	44993
60587bt	Klebsiella_pneumoniae_subsp_rhinoscleromatis_strain_SB3432_complete_genome	chromosome	+	NC_021232.1	t_pro_hok_sok_tadb_sr2	unknown	tblastn	0	1791808	1792005	197	0	0	0	5270770
868542bat	Klebsiella_pneumoniae_subsp_rhinoscleromatis_strain_SB3432_complete_genome	chromosome	+	NC_021232.1	at_nt_hok_sok_tadb_sr2	unknown	blastn	0	1791848	1792077	229	0	0	0	5270770
868150bat	Klebsiella_pneumoniae_subsp_rhinoscleromatis_strain_SB3432_complete_genome	chromosome	-	NC_021232.1	at_nt_hok_sok_tadb_sr2	unknown	blastn	0	4425907	4425679	228	0	0	0	5270770
100892bt	Klebsiella_pneumoniae_subsp_rhinoscleromatis_strain_SB3432_complete_genome	chromosome	-	NC_021232.1	t_pro_hok_sok_tadb_sr2	unknown	tblastn	0	4425947	4425753	194	0	0	0	5270770
107589bt	Klebsiella_pneumoniae_subsp_rhinoscleromatis_strain_SB3432_complete_genome	chromosome	+	NC_021232.1	t_nt_hok_sok_tadb_sr2	unknown	blastn	0	4425950	4426111	161	0	0	0	5270770
814880bt	Klebsiella_variicola_strain_342_plasmid_pKP187_complete_sequence	genome	-	NC_011282.1	t_nt_hok_sok_tadb_sr2	unknown	blastn	0	43449	43249	200	0	0	0	187922
119980bt	Klebsiella_variicola_strain_342_plasmid_pKP187_complete_sequence	genome	+	NC_011282.1	t_pro_hok_sok_tadb_sr2	unknown	tblastn	0	43449	43653	204	0	0	0	187922
152205bat	Klebsiella_variicola_strain_342_plasmid_pKP187_complete_sequence	genome	+	NC_011282.1	at_nt_hok_sok_tadb_sr2	unknown	blastn	0	43493	43751	258	0	0	0	187922
824231bt	Kosakonia_sacchari_SP1_chromosome_complete_genome	genome	-	NZ_CP007215.2	t_nt_hok_sok_tadb_sr2	unknown	blastn	0	309970	309804	166	0	0	0	4902027
452830bt	Kosakonia_sacchari_SP1_chromosome_complete_genome	genome	+	NZ_CP007215.2	t_pro_hok_sok_tadb_sr2	unknown	tblastn	0	309973	310167	194	0	0	0	4902027
115904bat	Kosakonia_sacchari_SP1_chromosome_complete_genome	genome	+	NZ_CP007215.2	at_nt_hok_sok_tadb_sr2	unknown	blastn	0	310013	310242	229	0	0	0	4902027
814855bt	Leclercia_sp_LSNIH1_plasmid_pLEC_b38d_complete_sequence	genome	-	NZ_CP026168.1	t_nt_hok_sok_tadb_sr2	unknown	blastn	0	44319	44167	152	0	0	0	50622
452827bt	Leclercia_sp_LSNIH1_plasmid_pLEC_b38d_complete_sequence	genome	+	NZ_CP026168.1	t_pro_hok_sok_tadb_sr2	unknown	tblastn	0	44322	44516	194	0	0	0	50622
114406bat	Leclercia_sp_LSNIH1_plasmid_pLEC_b38d_complete_sequence	genome	+	NZ_CP026168.1	at_nt_hok_sok_tadb_sr2	unknown	blastn	0	44362	44594	232	0	0	0	50622
119171bat	Lelliottia_sp_WB101_plasmid_unnamed1	genome	-	NZ_CP028521.1	at_nt_hok_sok_tadb_sr2	unknown	blastn	0	33672	33439	233	0	0	0	126628
867716bt	Lelliottia_sp_WB101_plasmid_unnamed1	genome	+	NZ_CP028521.1	t_nt_hok_sok_tadb_sr2	unknown	blastn	0	33715	33868	153	0	0	0	126628
339201bt	Lelliottia_sp_WB101_plasmid_unnamed1	genome	-	NZ_CP028521.1	t_pro_hok_sok_tadb_sr2	unknown	tblastn	0	33715	33518	197	0	0	0	126628
452801bt	Metakosakonia_sp_MRY16_398_plasmid_pMRY16_398_1_DNA_complete_genome	genome	+	NZ_AP018757.1	t_pro_hok_sok_tadb_sr2	unknown	tblastn	0	148347	148541	194	0	0	0	224544
114055bat	Metakosakonia_sp_MRY16_398_plasmid_pMRY16_398_1_DNA_complete_genome	genome	+	NZ_AP018757.1	at_nt_hok_sok_tadb_sr2	unknown	blastn	0	148387	148614	227	0	0	0	224544
118497bat	Raoultella_ornithinolytica_strain_S12_complete_genome	genome	-	NZ_CP010557.1	at_nt_hok_sok_tadb_sr2	unknown	blastn	0	3331857	3331630	227	0	0	0	5522044
157684bt	Raoultella_ornithinolytica_strain_S12_complete_genome	genome	-	NZ_CP010557.1	t_pro_hok_sok_tadb_sr2	unknown	tblastn	0	3331900	3331703	197	0	0	0	5522044
118478bat	Raoultella_terrigena_strain_NCTC13098_genome_assembly_chromosome_1	genome	-	NZ_LR131271.1	at_nt_hok_sok_tadb_sr2	unknown	blastn	0	3756603	3756375	228	0	0	0	6073951
814831bt	Raoultella_terrigena_strain_NCTC13098_genome_assembly_chromosome_1	genome	+	NZ_LR131271.1	t_nt_hok_sok_tadb_sr2	unknown	blastn	0	3756646	3756808	162	0	0	0	6073951
120458bt	Raoultella_terrigena_strain_NCTC13098_genome_assembly_chromosome_1	genome	-	NZ_LR131271.1	t_pro_hok_sok_tadb_sr2	unknown	tblastn	0	3756646	3756430	216	0	0	0	6073951
350991bt	Salmonella_enterica_strain_SA20051401_plasmid_pSA20051401_1_complete_sequence	genome	+	NZ_CP030197.1	t_pro_hok_sok_tadb_sr2	unknown	tblastn	0	101299	101499	200	0	0	0	141502
113727bat	Salmonella_enterica_strain_SA20051401_plasmid_pSA20051401_1_complete_sequence	genome	+	NZ_CP030197.1	at_nt_hok_sok_tadb_sr2	unknown	blastn	0	101342	101570	228	0	0	0	141502
817616bt	Salmonella_enterica_subsp_enterica_serovar_Gaminara_strain_CFSAN070644_plasmid_pCFSAN024441_01_compl	genome	-	NZ_CP024166.1	t_nt_hok_sok_tadb_sr2	unknown	blastn	0	35227	35079	148	0	0	0	135915
452814bt	Salmonella_enterica_subsp_enterica_serovar_Gaminara_strain_CFSAN070644_plasmid_pCFSAN024441_01_compl	genome	+	NZ_CP024166.1	t_pro_hok_sok_tadb_sr2	unknown	tblastn	0	35230	35424	194	0	0	0	135915
123798bat	Salmonella_enterica_subsp_enterica_serovar_Gaminara_strain_CFSAN070644_plasmid_pCFSAN024441_01_compl	genome	+	NZ_CP024166.1	at_nt_hok_sok_tadb_sr2	unknown	blastn	0	35270	35503	233	0	0	0	135915
849422bt	Salmonella_enterica_subsp_enterica_serovar_Gaminara_strain_CFSAN070644_plasmid_pCFSAN024441_01_compl	genome	-	NZ_CP024166.1	t_nt_hok_sok_tadb_sr2	unknown	blastn	0	36295	36155	140	0	0	0	135915
452813bt	Salmonella_enterica_subsp_enterica_serovar_Gaminara_strain_CFSAN070644_plasmid_pCFSAN024441_01_compl	genome	+	NZ_CP024166.1	t_pro_hok_sok_tadb_sr2	unknown	tblastn	0	36298	36492	194	0	0	0	135915
113935bat	Salmonella_enterica_subsp_enterica_serovar_Gaminara_strain_CFSAN070644_plasmid_pCFSAN024441_01_compl	genome	+	NZ_CP024166.1	at_nt_hok_sok_tadb_sr2	unknown	blastn	0	36338	36563	225	0	0	0	135915
118468bat	Salmonella_enterica_subsp_enterica_serovar_Give_strain_CFSAN024229_plasmid_pCFSAN024229_complete_seq	genome	-	NZ_CP019175.1	at_nt_hok_sok_tadb_sr2	unknown	blastn	0	53463	53235	228	0	0	0	94727
339466bt	Salmonella_enterica_subsp_enterica_serovar_Give_strain_CFSAN024229_plasmid_pCFSAN024229_complete_seq	genome	-	NZ_CP019175.1	t_pro_hok_sok_tadb_sr2	unknown	tblastn	0	53503	53309	194	0	0	0	94727
814329bt	Salmonella_enterica_subsp_enterica_serovar_Give_strain_CFSAN024229_plasmid_pCFSAN024229_complete_seq	genome	+	NZ_CP019175.1	t_nt_hok_sok_tadb_sr2	unknown	blastn	0	53506	53659	153	0	0	0	94727
355194bt	Salmonella_enterica_subsp_enterica_serovar_Poona_str_ATCC_BAA_1673_plasmid_pATCCBAA1673_01_complete_	genome	+	NZ_CP019190.1	t_pro_hok_sok_tadb_sr2	unknown	tblastn	0	1980	2180	200	0	0	0	186451
113730bat	Salmonella_enterica_subsp_enterica_serovar_Poona_str_ATCC_BAA_1673_plasmid_pATCCBAA1673_01_complete_	genome	+	NZ_CP019190.1	at_nt_hok_sok_tadb_sr2	unknown	blastn	0	2023	2253	230	0	0	0	186451
120442bat	Salmonella_enterica_subsp_enterica_serovar_Rubislaw_str_ATCC_10717_plasmid_pATCC10717_complete_seque	genome	-	NZ_CP019193.1	at_nt_hok_sok_tadb_sr2	unknown	blastn	0	170026	169797	229	0	0	0	196866
45340bt	Salmonella_enterica_subsp_enterica_serovar_Rubislaw_str_ATCC_10717_plasmid_pATCC10717_complete_seque	genome	+	NZ_CP019193.1	t_nt_hok_sok_tadb_sr2	unknown	blastn	0	170069	170217	148	0	0	0	196866
120357bat	Salmonella_enterica_subsp_enterica_serovar_Saintpaul_strain_SA20031783_plasmid_unnamed1_complete_seq	genome	-	NZ_CP022492.1	at_nt_hok_sok_tadb_sr2	unknown	blastn	0	102155	101929	226	0	0	0	131583
339343bt	Salmonella_enterica_subsp_enterica_serovar_Saintpaul_strain_SA20031783_plasmid_unnamed1_complete_seq	genome	-	NZ_CP022492.1	t_pro_hok_sok_tadb_sr2	unknown	tblastn	0	102195	102001	194	0	0	0	131583
816811bt	Salmonella_enterica_subsp_enterica_serovar_Saintpaul_strain_SA20031783_plasmid_unnamed1_complete_seq	genome	+	NZ_CP022492.1	t_nt_hok_sok_tadb_sr2	unknown	blastn	0	102198	102350	152	0	0	0	131583
113642bat	Salmonella_enterica_subsp_enterica_strain_BAA_1672_plasmid_pSalSendai_complete_sequence	genome	-	NZ_CP023471.1	at_nt_hok_sok_tadb_sr2	unknown	blastn	0	42250	42020	230	0	0	0	81125
405688bt	Salmonella_enterica_subsp_enterica_strain_BAA_1672_plasmid_pSalSendai_complete_sequence	genome	-	NZ_CP023471.1	t_pro_hok_sok_tadb_sr2	unknown	tblastn	0	42293	42093	200	0	0	0	81125
118270bat	Salmonella_enterica_subsp_enterica_strain_RM11065_plasmid_pRM11065_1_complete_sequence	genome	-	NZ_CP022661.1	at_nt_hok_sok_tadb_sr2	unknown	blastn	0	75880	75648	232	0	0	0	143770
405933bt	Salmonella_enterica_subsp_enterica_strain_RM11065_plasmid_pRM11065_1_complete_sequence	genome	-	NZ_CP022661.1	t_pro_hok_sok_tadb_sr2	unknown	tblastn	0	75923	75723	200	0	0	0	143770
816907bt	Salmonella_enterica_subsp_enterica_strain_RM11065_plasmid_pRM11065_1_complete_sequence	genome	+	NZ_CP022661.1	t_nt_hok_sok_tadb_sr2	unknown	blastn	0	75923	76076	153	0	0	0	143770
817984bt	Shigella_dysenteriae_Sd197_chromosome_complete_genome	genome	-	NC_007606.1	t_nt_hok_sok_tadb_sr2	unknown	blastn	0	2636493	2636331	162	0	0	0	4369232
119170bat	Shigella_dysenteriae_Sd197_chromosome_complete_genome	genome	+	NC_007606.1	at_nt_hok_sok_tadb_sr2	unknown	blastn	0	2636536	2636767	231	0	0	0	4369232
820160bt	UNVERIFIED_ORG_Enterobacter_asburiae_LF7a_plasmid_pENTAS01_complete_sequence	genome	-	NC_015963.1	t_nt_hok_sok_tadb_sr2	unknown	blastn	0	41873	41719	154	0	0	0	166725
452796bt	UNVERIFIED_ORG_Enterobacter_asburiae_LF7a_plasmid_pENTAS01_complete_sequence	genome	+	NC_015963.1	t_pro_hok_sok_tadb_sr2	unknown	tblastn	0	41876	42070	194	0	0	0	166725
114050bat	UNVERIFIED_ORG_Enterobacter_asburiae_LF7a_plasmid_pENTAS01_complete_sequence	genome	+	NC_015963.1	at_nt_hok_sok_tadb_sr2	unknown	blastn	0	41916	42144	228	0	0	0	166725
820161bt	UNVERIFIED_ORG_Enterobacter_asburiae_LF7a_plasmid_pENTAS01_complete_sequence	genome	-	NC_015963.1	t_nt_hok_sok_tadb_sr2	unknown	blastn	0	164289	164138	151	0	0	0	166725
452797bt	UNVERIFIED_ORG_Enterobacter_asburiae_LF7a_plasmid_pENTAS01_complete_sequence	genome	+	NC_015963.1	t_pro_hok_sok_tadb_sr2	unknown	tblastn	0	164292	164486	194	0	0	0	166725
123672bat	UNVERIFIED_ORG_Enterobacter_asburiae_LF7a_plasmid_pENTAS01_complete_sequence	genome	+	NC_015963.1	at_nt_hok_sok_tadb_sr2	unknown	blastn	0	164332	164560	228	0	0	0	166725
