6021iat	Enterobacter_cloacae_ECNIH2_complete_genome	genome	-	NZ_CP008823.1	at_nt_hok_sok_tadb	not defined	infernal	0.00038	524530	524318	212	0	0	0	0
128466bt	Enterobacter_cloacae_ECNIH2_complete_genome	genome	-	NZ_CP008823.1	t_pro_hok_sok_tadb	NaN - rows are merged	tblastn	NaN - rows are merged	524540	524397	144	1	48	48	4852980
9619it	Enterobacter_cloacae_ECNIH2_complete_genome	genome	-	NZ_CP008823.1	t_pro_hok_sok_tadb	not defined	infernal	8.1e-16	524543	524399	144	0	0	0	0
129057bt	Enterobacter_cloacae_ECNIH2_complete_genome	genome	-	NZ_CP008823.1	t_pro_hok_sok_tadb	1449bt_bac:Hok_Gef_family_protein_[Lelliottia_nimipressuralis]_tasys:t_pro_hok_sok_tadb_genome:WP_10	tblastn	3.85e-08	679266	679189	26	23	48	48	4852980
5744iat	Enterobacter_cloacae_ECNIH2_complete_genome	genome	-	NZ_CP008823.1	at_nt_hok_sok_tadb	not defined	infernal	0.00011	679325	679170	155	0	0	0	0
10234it	Enterobacter_cloacae_ECNIH2_complete_genome	genome	-	NZ_CP008823.1	t_pro_hok_sok_tadb	not defined	infernal	2.5e-09	679330	679201	129	0	0	0	0
191472bt	Enterobacter_cloacae_ECNIH2_complete_genome	genome	+	NZ_CP008823.1	t_pro_hok_sok_tadb	NaN - rows are merged	tblastn	NaN - rows are merged	918475	918627	153	1	51	51	4852980
4636it	Enterobacter_cloacae_ECNIH2_complete_genome	genome	+	NZ_CP008823.1	t_pro_hok_sok_tadb	not defined	infernal	1.1e-19	918477	918623	146	0	0	0	0
2775iat	Enterobacter_cloacae_ECNIH2_complete_genome	genome	+	NZ_CP008823.1	at_nt_hok_sok_tadb	not defined	infernal	3.6e-10	918491	918702	211	0	0	0	0
1709iat	Enterobacter_cloacae_ECNIH2_plasmid_pKPC_272_complete_sequence	genome	-	NZ_CP008825.1	at_nt_hok_sok_tadb	not defined	infernal	1.4e-39	220097	219879	218	0	0	0	0
3217it	Enterobacter_cloacae_ECNIH2_plasmid_pKPC_272_complete_sequence	genome	-	NZ_CP008825.1	t_pro_hok_sok_tadb	not defined	infernal	7.7e-21	220112	219962	150	0	0	0	0
172433bt	Enterobacter_cloacae_ECNIH2_plasmid_pKPC_272_complete_sequence	genome	-	NZ_CP008825.1	t_pro_hok_sok_tadb	NaN - rows are merged	tblastn	NaN - rows are merged	220116	219961	156	1	52	52	282439
191454bt	Enterobacter_cloacae_ECNIH3_complete_genome	genome	+	NZ_CP008897.1	t_pro_hok_sok_tadb	NaN - rows are merged	tblastn	NaN - rows are merged	753901	754053	153	1	51	51	4633407
6414it	Enterobacter_cloacae_ECNIH3_complete_genome	genome	+	NZ_CP008897.1	t_pro_hok_sok_tadb	not defined	infernal	2.2e-19	753903	754049	146	0	0	0	0
2959iat	Enterobacter_cloacae_ECNIH3_complete_genome	genome	+	NZ_CP008897.1	at_nt_hok_sok_tadb	not defined	infernal	7.8e-09	753917	754127	210	0	0	0	0
139700bt	Enterobacter_cloacae_ECNIH3_plasmid_pENT_8a4_complete_sequence	genome	+	NZ_CP008899.1	t_pro_hok_sok_tadb	NaN - rows are merged	tblastn	NaN - rows are merged	97690	97845	156	1	52	52	255013
3228it	Enterobacter_cloacae_ECNIH3_plasmid_pENT_8a4_complete_sequence	genome	+	NZ_CP008899.1	t_pro_hok_sok_tadb	not defined	infernal	7.7e-21	97694	97844	150	0	0	0	0
1719iat	Enterobacter_cloacae_ECNIH3_plasmid_pENT_8a4_complete_sequence	genome	+	NZ_CP008899.1	at_nt_hok_sok_tadb	not defined	infernal	1.4e-39	97709	97927	218	0	0	0	0
191452bt	Enterobacter_cloacae_ECR091_complete_genome	genome	+	NZ_CP008905.1	t_pro_hok_sok_tadb	NaN - rows are merged	tblastn	NaN - rows are merged	751081	751233	153	1	51	51	4621385
6415it	Enterobacter_cloacae_ECR091_complete_genome	genome	+	NZ_CP008905.1	t_pro_hok_sok_tadb	not defined	infernal	2.2e-19	751083	751229	146	0	0	0	0
2960iat	Enterobacter_cloacae_ECR091_complete_genome	genome	+	NZ_CP008905.1	at_nt_hok_sok_tadb	not defined	infernal	7.8e-09	751097	751307	210	0	0	0	0
139698bt	Enterobacter_cloacae_ECR091_plasmid_pENT_08e_complete_sequence	genome	+	NZ_CP008906.1	t_pro_hok_sok_tadb	NaN - rows are merged	tblastn	NaN - rows are merged	97690	97845	156	1	52	52	176943
3229it	Enterobacter_cloacae_ECR091_plasmid_pENT_08e_complete_sequence	genome	+	NZ_CP008906.1	t_pro_hok_sok_tadb	not defined	infernal	7.7e-21	97694	97844	150	0	0	0	0
1720iat	Enterobacter_cloacae_ECR091_plasmid_pENT_08e_complete_sequence	genome	+	NZ_CP008906.1	at_nt_hok_sok_tadb	not defined	infernal	1.4e-39	97709	97927	218	0	0	0	0
183664bt	Enterobacter_cloacae_P101_complete_genome	genome	+	NZ_CP006580.1	t_pro_hok_sok_tadb	NaN - rows are merged	tblastn	NaN - rows are merged	2615324	2615476	153	1	49	49	5369929
3300it	Enterobacter_cloacae_P101_complete_genome	genome	+	NZ_CP006580.1	t_pro_hok_sok_tadb	not defined	infernal	1.1e-20	2615326	2615474	148	0	0	0	0
5402iat	Enterobacter_cloacae_P101_complete_genome	genome	+	NZ_CP006580.1	at_nt_hok_sok_tadb	not defined	infernal	5.1e-05	2615352	2615489	137	0	0	0	0
6869iat	Enterobacter_cloacae_complex_bacterium_isolate_C45_genome_assembly_chromosome_C45	genome	-	NZ_LT991957.1	at_nt_hok_sok_tadb	not defined	infernal	0.0021	2465520	2465395	125	0	0	0	0
128480bt	Enterobacter_cloacae_complex_bacterium_isolate_C45_genome_assembly_chromosome_C45	genome	-	NZ_LT991957.1	t_pro_hok_sok_tadb	NaN - rows are merged	tblastn	NaN - rows are merged	2465530	2465387	144	1	48	48	4783258
9673it	Enterobacter_cloacae_complex_bacterium_isolate_C45_genome_assembly_chromosome_C45	genome	-	NZ_LT991957.1	t_pro_hok_sok_tadb	not defined	infernal	2.9e-15	2465533	2465392	141	0	0	0	0
191461bt	Enterobacter_cloacae_complex_bacterium_isolate_C45_genome_assembly_chromosome_C45	genome	+	NZ_LT991957.1	t_pro_hok_sok_tadb	NaN - rows are merged	tblastn	NaN - rows are merged	2888670	2888822	153	1	51	51	4783258
4576it	Enterobacter_cloacae_complex_bacterium_isolate_C45_genome_assembly_chromosome_C45	genome	+	NZ_LT991957.1	t_pro_hok_sok_tadb	not defined	infernal	1e-19	2888672	2888818	146	0	0	0	0
2794iat	Enterobacter_cloacae_complex_bacterium_isolate_C45_genome_assembly_chromosome_C45	genome	+	NZ_LT991957.1	at_nt_hok_sok_tadb	not defined	infernal	4.8e-10	2888686	2888899	213	0	0	0	0
1708iat	Enterobacter_cloacae_complex_bacterium_isolate_C45_genome_assembly_plasmid_pC45_VIM4	genome	-	NZ_LT991958.1	at_nt_hok_sok_tadb	not defined	infernal	1.4e-39	240991	240773	218	0	0	0	0
3216it	Enterobacter_cloacae_complex_bacterium_isolate_C45_genome_assembly_plasmid_pC45_VIM4	genome	-	NZ_LT991958.1	t_pro_hok_sok_tadb	not defined	infernal	7.7e-21	241006	240856	150	0	0	0	0
172439bt	Enterobacter_cloacae_complex_bacterium_isolate_C45_genome_assembly_plasmid_pC45_VIM4	genome	-	NZ_LT991958.1	t_pro_hok_sok_tadb	NaN - rows are merged	tblastn	NaN - rows are merged	241010	240855	156	1	52	52	299117
286165bt	Enterobacter_cloacae_complex_bacterium_strain_FDAARGOS_77_chromosome_complete_genome	genome	+	NZ_CP026975.1	t_pro_hok_sok_tadb	NaN - rows are merged	tblastn	NaN - rows are merged	2518773	2518943	171	1	57	57	4876999
4430it	Enterobacter_cloacae_complex_bacterium_strain_FDAARGOS_77_chromosome_complete_genome	genome	+	NZ_CP026975.1	t_pro_hok_sok_tadb	not defined	infernal	5e-20	2518793	2518941	148	0	0	0	0
1115iat	Enterobacter_cloacae_complex_bacterium_strain_FDAARGOS_77_chromosome_complete_genome	genome	+	NZ_CP026975.1	at_nt_hok_sok_tadb	not defined	infernal	2.6e-65	2518807	2519032	225	0	0	0	0
320408bat	Enterobacter_cloacae_complex_bacterium_strain_FDAARGOS_77_chromosome_complete_genome	genome	+	NZ_CP026975.1	at_nt_hok_sok_tadb	NaN - rows are merged	blastn	NaN - rows are merged	2518807	2519032	226	1	226	226	4876999
5911iat	Enterobacter_cloacae_complex_bacterium_strain_FDAARGOS_77_chromosome_complete_genome	genome	-	NZ_CP026975.1	at_nt_hok_sok_tadb	not defined	infernal	0.00027	3230483	3230357	126	0	0	0	0
128482bt	Enterobacter_cloacae_complex_bacterium_strain_FDAARGOS_77_chromosome_complete_genome	genome	-	NZ_CP026975.1	t_pro_hok_sok_tadb	NaN - rows are merged	tblastn	NaN - rows are merged	3230493	3230350	144	1	48	48	4876999
9681it	Enterobacter_cloacae_complex_bacterium_strain_FDAARGOS_77_chromosome_complete_genome	genome	-	NZ_CP026975.1	t_pro_hok_sok_tadb	not defined	infernal	4.7e-15	3230496	3230352	144	0	0	0	0
6761iat	Enterobacter_cloacae_complex_sp_35734_chromosome_1_complete_sequence	genome	-	NZ_CP012162.1	at_nt_hok_sok_tadb	not defined	infernal	0.00087	367184	367058	126	0	0	0	0
128492bt	Enterobacter_cloacae_complex_sp_35734_chromosome_1_complete_sequence	genome	-	NZ_CP012162.1	t_pro_hok_sok_tadb	NaN - rows are merged	tblastn	NaN - rows are merged	367194	367051	144	1	48	48	5017289
9646it	Enterobacter_cloacae_complex_sp_35734_chromosome_1_complete_sequence	genome	-	NZ_CP012162.1	t_pro_hok_sok_tadb	not defined	infernal	1.4e-15	367197	367053	144	0	0	0	0
5910iat	Enterobacter_cloacae_complex_sp_ABFPL_complete_genome	genome	-	NZ_CP017990.1	at_nt_hok_sok_tadb	not defined	infernal	0.00027	379803	379677	126	0	0	0	0
128481bt	Enterobacter_cloacae_complex_sp_ABFPL_complete_genome	genome	-	NZ_CP017990.1	t_pro_hok_sok_tadb	NaN - rows are merged	tblastn	NaN - rows are merged	379813	379670	144	1	48	48	5144572
9680it	Enterobacter_cloacae_complex_sp_ABFPL_complete_genome	genome	-	NZ_CP017990.1	t_pro_hok_sok_tadb	not defined	infernal	4.7e-15	379816	379672	144	0	0	0	0
1254iat	Enterobacter_cloacae_complex_sp_ABFPL_plasmid_pENT_1ac_complete_sequence	genome	-	NZ_CP017991.1	at_nt_hok_sok_tadb	not defined	infernal	1.1e-63	116142	115916	226	0	0	0	0
320409bat	Enterobacter_cloacae_complex_sp_ABFPL_plasmid_pENT_1ac_complete_sequence	genome	-	NZ_CP017991.1	at_nt_hok_sok_tadb	NaN - rows are merged	blastn	NaN - rows are merged	116142	115916	227	1	226	226	144025
7924it	Enterobacter_cloacae_complex_sp_ABFPL_plasmid_pENT_1ac_complete_sequence	genome	-	NZ_CP017991.1	t_pro_hok_sok_tadb	not defined	infernal	1e-18	116156	116008	148	0	0	0	0
172688bt	Enterobacter_cloacae_complex_sp_ABFPL_plasmid_pENT_1ac_complete_sequence	genome	-	NZ_CP017991.1	t_pro_hok_sok_tadb	NaN - rows are merged	tblastn	NaN - rows are merged	116176	116006	171	1	52	52	144025
5909iat	Enterobacter_cloacae_complex_sp_strain_N13_01531_chromosome_complete_genome	genome	-	NZ_CP037919.1	at_nt_hok_sok_tadb	not defined	infernal	0.00026	366509	366383	126	0	0	0	0
128437bt	Enterobacter_cloacae_complex_sp_strain_N13_01531_chromosome_complete_genome	genome	-	NZ_CP037919.1	t_pro_hok_sok_tadb	NaN - rows are merged	tblastn	NaN - rows are merged	366519	366376	144	1	48	48	4590029
9545it	Enterobacter_cloacae_complex_sp_strain_N13_01531_chromosome_complete_genome	genome	-	NZ_CP037919.1	t_pro_hok_sok_tadb	not defined	infernal	4e-16	366522	366378	144	0	0	0	0
7140iat	Enterobacter_cloacae_isolate_EC_TO80_genome_assembly_chromosome_1	genome	-	NZ_LS999206.1	at_nt_hok_sok_tadb	not defined	infernal	0.005	433813	433601	212	0	0	0	0
128433bt	Enterobacter_cloacae_isolate_EC_TO80_genome_assembly_chromosome_1	genome	-	NZ_LS999206.1	t_pro_hok_sok_tadb	NaN - rows are merged	tblastn	NaN - rows are merged	433823	433680	144	1	48	48	4864313
9656it	Enterobacter_cloacae_isolate_EC_TO80_genome_assembly_chromosome_1	genome	-	NZ_LS999206.1	t_pro_hok_sok_tadb	not defined	infernal	2.2e-15	433826	433682	144	0	0	0	0
129038bt	Enterobacter_cloacae_isolate_EC_TO80_genome_assembly_chromosome_1	genome	-	NZ_LS999206.1	t_pro_hok_sok_tadb	1449bt_bac:Hok_Gef_family_protein_[Lelliottia_nimipressuralis]_tasys:t_pro_hok_sok_tadb_genome:WP_10	tblastn	1.96e-08	588468	588391	26	23	48	48	4864313
5741iat	Enterobacter_cloacae_isolate_EC_TO80_genome_assembly_chromosome_1	genome	-	NZ_LS999206.1	at_nt_hok_sok_tadb	not defined	infernal	0.00011	588527	588372	155	0	0	0	0
10235it	Enterobacter_cloacae_isolate_EC_TO80_genome_assembly_chromosome_1	genome	-	NZ_LS999206.1	t_pro_hok_sok_tadb	not defined	infernal	2.5e-09	588532	588403	129	0	0	0	0
191491bt	Enterobacter_cloacae_isolate_EC_TO80_genome_assembly_chromosome_1	genome	+	NZ_LS999206.1	t_pro_hok_sok_tadb	NaN - rows are merged	tblastn	NaN - rows are merged	825764	825916	153	1	51	51	4864313
7049it	Enterobacter_cloacae_isolate_EC_TO80_genome_assembly_chromosome_1	genome	+	NZ_LS999206.1	t_pro_hok_sok_tadb	not defined	infernal	3.3e-19	825766	825912	146	0	0	0	0
2800iat	Enterobacter_cloacae_isolate_EC_TO80_genome_assembly_chromosome_1	genome	+	NZ_LS999206.1	at_nt_hok_sok_tadb	not defined	infernal	6.8e-10	825780	825991	211	0	0	0	0
180510bt	Enterobacter_cloacae_isolate_EC_TO80_genome_assembly_plasmid_2	genome	+	NZ_LS999207.1	t_pro_hok_sok_tadb	NaN - rows are merged	tblastn	NaN - rows are merged	9608	9766	159	1	51	52	150302
7152it	Enterobacter_cloacae_isolate_EC_TO80_genome_assembly_plasmid_2	genome	+	NZ_LS999207.1	t_pro_hok_sok_tadb	not defined	infernal	4e-19	9613	9759	146	0	0	0	0
320587bat	Enterobacter_cloacae_isolate_EC_TO80_genome_assembly_plasmid_2	genome	+	NZ_LS999207.1	at_nt_hok_sok_tadb	NaN - rows are merged	blastn	NaN - rows are merged	9627	9854	228	1	226	226	150302
1274iat	Enterobacter_cloacae_isolate_EC_TO80_genome_assembly_plasmid_2	genome	+	NZ_LS999207.1	at_nt_hok_sok_tadb	not defined	infernal	2.3e-63	9627	9854	227	0	0	0	0
168iat	Enterobacter_cloacae_isolate_MBRL1077_genome	chromosome	-	NZ_CP014280.1	at_nt_hok_sok_tadb	not defined	infernal	2.7e-10	4267529	4267317	212	0	0	0	0
533it	Enterobacter_cloacae_isolate_MBRL1077_genome	chromosome	-	NZ_CP014280.1	t_pro_hok_sok_tadb	not defined	infernal	2.5e-20	4267543	4267397	146	0	0	0	0
189066bt	Enterobacter_cloacae_isolate_MBRL1077_genome	chromosome	-	NZ_CP014280.1	t_pro_hok_sok_tadb	NaN - rows are merged	tblastn	NaN - rows are merged	4267569	4267393	177	3	52	52	4801156
193848bt	Enterobacter_cloacae_isolate_MBRL1077_genome	chromosome	+	NZ_CP014280.1	t_pro_hok_sok_tadb	NaN - rows are merged	tblastn	NaN - rows are merged	4546672	4546824	153	1	51	51	4801156
459iat	Enterobacter_cloacae_isolate_MBRL1077_genome	chromosome	+	NZ_CP014280.1	at_nt_hok_sok_tadb	not defined	infernal	7.3e-05	4546688	4546843	155	0	0	0	0
913it	Enterobacter_cloacae_isolate_MBRL1077_genome	chromosome	+	NZ_CP014280.1	t_pro_hok_sok_tadb	not defined	infernal	6.7e-08	4546693	4546812	119	0	0	0	0
269830bt	Enterobacter_cloacae_isolate_MBRL1077_genome	chromosome	+	NZ_CP014280.1	t_pro_hok_sok_tadb	NaN - rows are merged	tblastn	NaN - rows are merged	4694011	4694160	150	1	47	50	4801156
846it	Enterobacter_cloacae_isolate_MBRL1077_genome	chromosome	+	NZ_CP014280.1	t_pro_hok_sok_tadb	not defined	infernal	2.4e-16	4694014	4694158	144	0	0	0	0
515iat	Enterobacter_cloacae_isolate_MBRL1077_genome	chromosome	+	NZ_CP014280.1	at_nt_hok_sok_tadb	not defined	infernal	0.00072	4694027	4694159	132	0	0	0	0
10261it	Enterobacter_cloacae_strain_20710_chromosome_complete_genome	genome	+	NZ_CP030076.1	t_pro_hok_sok_tadb	not defined	infernal	3e-09	1390328	1390457	129	0	0	0	0
6035iat	Enterobacter_cloacae_strain_20710_chromosome_complete_genome	genome	+	NZ_CP030076.1	at_nt_hok_sok_tadb	not defined	infernal	0.00039	1390333	1390488	155	0	0	0	0
129054bt	Enterobacter_cloacae_strain_20710_chromosome_complete_genome	genome	+	NZ_CP030076.1	t_pro_hok_sok_tadb	1449bt_bac:Hok_Gef_family_protein_[Lelliottia_nimipressuralis]_tasys:t_pro_hok_sok_tadb_genome:WP_10	tblastn	3.85e-08	1390392	1390469	26	23	48	48	4847638
9663it	Enterobacter_cloacae_strain_20710_chromosome_complete_genome	genome	+	NZ_CP030076.1	t_pro_hok_sok_tadb	not defined	infernal	2.7e-15	1531369	1531513	144	0	0	0	0
179430bt	Enterobacter_cloacae_strain_20710_chromosome_complete_genome	genome	+	NZ_CP030076.1	t_pro_hok_sok_tadb	NaN - rows are merged	tblastn	NaN - rows are merged	1531372	1531515	144	1	47	47	4847638
6774iat	Enterobacter_cloacae_strain_20710_chromosome_complete_genome	genome	+	NZ_CP030076.1	at_nt_hok_sok_tadb	not defined	infernal	0.001	1531382	1531594	212	0	0	0	0
172535bt	Enterobacter_cloacae_strain_20710_plasmid_p5_20710_complete_sequence	genome	+	NZ_CP030079.1	t_pro_hok_sok_tadb	NaN - rows are merged	tblastn	NaN - rows are merged	30304	30459	156	1	52	52	91816
8025it	Enterobacter_cloacae_strain_20710_plasmid_p5_20710_complete_sequence	genome	+	NZ_CP030079.1	t_pro_hok_sok_tadb	not defined	infernal	1.4e-18	30309	30457	148	0	0	0	0
1667iat	Enterobacter_cloacae_strain_20710_plasmid_p5_20710_complete_sequence	genome	+	NZ_CP030079.1	at_nt_hok_sok_tadb	not defined	infernal	3.1e-51	30323	30550	227	0	0	0	0
320855bat	Enterobacter_cloacae_strain_20710_plasmid_p5_20710_complete_sequence	genome	+	NZ_CP030079.1	at_nt_hok_sok_tadb	NaN - rows are merged	blastn	NaN - rows are merged	30325	30548	224	1	220	220	91816
139706bt	Enterobacter_cloacae_strain_20710_plasmid_pIMP_20710_complete_sequence	genome	+	NZ_CP030080.1	t_pro_hok_sok_tadb	NaN - rows are merged	tblastn	NaN - rows are merged	190770	190925	156	1	52	52	286652
3221it	Enterobacter_cloacae_strain_20710_plasmid_pIMP_20710_complete_sequence	genome	+	NZ_CP030080.1	t_pro_hok_sok_tadb	not defined	infernal	7.7e-21	190774	190924	150	0	0	0	0
1713iat	Enterobacter_cloacae_strain_20710_plasmid_pIMP_20710_complete_sequence	genome	+	NZ_CP030080.1	at_nt_hok_sok_tadb	not defined	infernal	1.4e-39	190789	191007	218	0	0	0	0
6775iat	Enterobacter_cloacae_strain_234_chromosome_complete_genome	genome	-	NZ_CP021162.1	at_nt_hok_sok_tadb	not defined	infernal	0.001	358212	358000	212	0	0	0	0
128452bt	Enterobacter_cloacae_strain_234_chromosome_complete_genome	genome	-	NZ_CP021162.1	t_pro_hok_sok_tadb	NaN - rows are merged	tblastn	NaN - rows are merged	358222	358079	144	1	48	48	4656282
9664it	Enterobacter_cloacae_strain_234_chromosome_complete_genome	genome	-	NZ_CP021162.1	t_pro_hok_sok_tadb	not defined	infernal	2.7e-15	358225	358081	144	0	0	0	0
129045bt	Enterobacter_cloacae_strain_234_chromosome_complete_genome	genome	-	NZ_CP021162.1	t_pro_hok_sok_tadb	1449bt_bac:Hok_Gef_family_protein_[Lelliottia_nimipressuralis]_tasys:t_pro_hok_sok_tadb_genome:WP_10	tblastn	3.85e-08	498521	498444	26	23	48	48	4656282
6824iat	Enterobacter_cloacae_strain_234_chromosome_complete_genome	genome	-	NZ_CP021162.1	at_nt_hok_sok_tadb	not defined	infernal	0.0013	498580	498425	155	0	0	0	0
10273it	Enterobacter_cloacae_strain_234_chromosome_complete_genome	genome	-	NZ_CP021162.1	t_pro_hok_sok_tadb	not defined	infernal	5.1e-09	498585	498456	129	0	0	0	0
34iat	Enterobacter_cloacae_strain_339389L_chromosome	chromosome	-	NZ_CP026536.1	at_nt_hok_sok_tadb	not defined	infernal	7.8e-66	58008	57783	225	0	0	0	0
446584bat	Enterobacter_cloacae_strain_339389L_chromosome	chromosome	-	NZ_CP026536.1	at_nt_hok_sok_tadb	NaN - rows are merged	blastn	NaN - rows are merged	58008	57783	226	1	226	226	5036275
561it	Enterobacter_cloacae_strain_339389L_chromosome	chromosome	-	NZ_CP026536.1	t_pro_hok_sok_tadb	not defined	infernal	3e-20	58022	57874	148	0	0	0	0
189158bt	Enterobacter_cloacae_strain_339389L_chromosome	chromosome	-	NZ_CP026536.1	t_pro_hok_sok_tadb	NaN - rows are merged	tblastn	NaN - rows are merged	58042	57872	171	1	52	52	5036275
502iat	Enterobacter_cloacae_strain_339389L_chromosome	chromosome	-	NZ_CP026536.1	at_nt_hok_sok_tadb	not defined	infernal	0.00043	4831203	4831077	126	0	0	0	0
845it	Enterobacter_cloacae_strain_339389L_chromosome	chromosome	-	NZ_CP026536.1	t_pro_hok_sok_tadb	not defined	infernal	1e-16	4831216	4831072	144	0	0	0	0
195422bt	Enterobacter_cloacae_strain_339389L_chromosome	chromosome	-	NZ_CP026536.1	t_pro_hok_sok_tadb	NaN - rows are merged	tblastn	NaN - rows are merged	4831234	4831070	165	1	48	48	5036275
6776iat	Enterobacter_cloacae_strain_388_chromosome_complete_genome	genome	-	NZ_CP021167.1	at_nt_hok_sok_tadb	not defined	infernal	0.001	358203	357991	212	0	0	0	0
128453bt	Enterobacter_cloacae_strain_388_chromosome_complete_genome	genome	-	NZ_CP021167.1	t_pro_hok_sok_tadb	NaN - rows are merged	tblastn	NaN - rows are merged	358213	358070	144	1	48	48	4656223
9665it	Enterobacter_cloacae_strain_388_chromosome_complete_genome	genome	-	NZ_CP021167.1	t_pro_hok_sok_tadb	not defined	infernal	2.7e-15	358216	358072	144	0	0	0	0
129044bt	Enterobacter_cloacae_strain_388_chromosome_complete_genome	genome	-	NZ_CP021167.1	t_pro_hok_sok_tadb	1449bt_bac:Hok_Gef_family_protein_[Lelliottia_nimipressuralis]_tasys:t_pro_hok_sok_tadb_genome:WP_10	tblastn	3.85e-08	498513	498436	26	23	48	48	4656223
6825iat	Enterobacter_cloacae_strain_388_chromosome_complete_genome	genome	-	NZ_CP021167.1	at_nt_hok_sok_tadb	not defined	infernal	0.0013	498572	498417	155	0	0	0	0
10274it	Enterobacter_cloacae_strain_388_chromosome_complete_genome	genome	-	NZ_CP021167.1	t_pro_hok_sok_tadb	not defined	infernal	5.1e-09	498577	498448	129	0	0	0	0
9642it	Enterobacter_cloacae_strain_704SK10_chromosome_complete_genome	genome	+	NZ_CP022148.1	t_pro_hok_sok_tadb	not defined	infernal	1.1e-15	3182899	3183043	144	0	0	0	0
128493bt	Enterobacter_cloacae_strain_704SK10_chromosome_complete_genome	genome	+	NZ_CP022148.1	t_pro_hok_sok_tadb	NaN - rows are merged	tblastn	NaN - rows are merged	3182902	3183045	144	1	48	48	4876946
6930iat	Enterobacter_cloacae_strain_704SK10_chromosome_complete_genome	genome	+	NZ_CP022148.1	at_nt_hok_sok_tadb	not defined	infernal	0.0038	3182912	3183038	126	0	0	0	0
286143bt	Enterobacter_cloacae_strain_704SK10_plasmid_p704SK10_1_complete_sequence	genome	+	NZ_CP022149.1	t_pro_hok_sok_tadb	NaN - rows are merged	tblastn	NaN - rows are merged	60917	61087	171	1	57	57	111184
4460it	Enterobacter_cloacae_strain_704SK10_plasmid_p704SK10_1_complete_sequence	genome	+	NZ_CP022149.1	t_pro_hok_sok_tadb	not defined	infernal	6.7e-20	60937	61085	148	0	0	0	0
1182iat	Enterobacter_cloacae_strain_704SK10_plasmid_p704SK10_1_complete_sequence	genome	+	NZ_CP022149.1	at_nt_hok_sok_tadb	not defined	infernal	2e-64	60951	61176	225	0	0	0	0
320411bat	Enterobacter_cloacae_strain_704SK10_plasmid_p704SK10_1_complete_sequence	genome	+	NZ_CP022149.1	at_nt_hok_sok_tadb	NaN - rows are merged	blastn	NaN - rows are merged	60951	61176	226	1	226	226	111184
6933iat	Enterobacter_cloacae_strain_A1137_chromosome_complete_genome	genome	-	NZ_CP021851.1	at_nt_hok_sok_tadb	not defined	infernal	0.0038	346964	346838	126	0	0	0	0
128436bt	Enterobacter_cloacae_strain_A1137_chromosome_complete_genome	genome	-	NZ_CP021851.1	t_pro_hok_sok_tadb	NaN - rows are merged	tblastn	NaN - rows are merged	346974	346831	144	1	48	48	5090134
9658it	Enterobacter_cloacae_strain_A1137_chromosome_complete_genome	genome	-	NZ_CP021851.1	t_pro_hok_sok_tadb	not defined	infernal	2.6e-15	346977	346833	144	0	0	0	0
10382it	Enterobacter_cloacae_strain_A1137_chromosome_complete_genome	genome	-	NZ_CP021851.1	t_pro_hok_sok_tadb	not defined	infernal	9.2e-08	615426	615304	122	0	0	0	0
5828iat	Enterobacter_cloacae_strain_A1137_chromosome_complete_genome	genome	-	NZ_CP021851.1	at_nt_hok_sok_tadb	not defined	infernal	0.00014	615428	615273	155	0	0	0	0
129023bt	Enterobacter_cloacae_strain_A1137_chromosome_complete_genome	genome	-	NZ_CP021851.1	t_pro_hok_sok_tadb	NaN - rows are merged	tblastn	NaN - rows are merged	615435	615292	144	1	48	48	5090134
10270it	Enterobacter_cloacae_strain_AR_0002_complete_genome	genome	+	NZ_CP018814.1	t_pro_hok_sok_tadb	not defined	infernal	5.1e-09	3015726	3015855	129	0	0	0	0
6821iat	Enterobacter_cloacae_strain_AR_0002_complete_genome	genome	+	NZ_CP018814.1	at_nt_hok_sok_tadb	not defined	infernal	0.0013	3015731	3015886	155	0	0	0	0
129062bt	Enterobacter_cloacae_strain_AR_0002_complete_genome	genome	+	NZ_CP018814.1	t_pro_hok_sok_tadb	1449bt_bac:Hok_Gef_family_protein_[Lelliottia_nimipressuralis]_tasys:t_pro_hok_sok_tadb_genome:WP_10	tblastn	3.85e-08	3015790	3015867	26	23	48	48	4882039
9659it	Enterobacter_cloacae_strain_AR_0002_complete_genome	genome	+	NZ_CP018814.1	t_pro_hok_sok_tadb	not defined	infernal	2.7e-15	3294056	3294200	144	0	0	0	0
179432bt	Enterobacter_cloacae_strain_AR_0002_complete_genome	genome	+	NZ_CP018814.1	t_pro_hok_sok_tadb	NaN - rows are merged	tblastn	NaN - rows are merged	3294059	3294202	144	1	47	47	4882039
6769iat	Enterobacter_cloacae_strain_AR_0002_complete_genome	genome	+	NZ_CP018814.1	at_nt_hok_sok_tadb	not defined	infernal	0.001	3294069	3294281	212	0	0	0	0
191455bt	Enterobacter_cloacae_strain_AR_0050_chromosome_complete_genome	genome	+	NZ_CP021896.1	t_pro_hok_sok_tadb	NaN - rows are merged	tblastn	NaN - rows are merged	1593037	1593189	153	1	51	51	4700719
6412it	Enterobacter_cloacae_strain_AR_0050_chromosome_complete_genome	genome	+	NZ_CP021896.1	t_pro_hok_sok_tadb	not defined	infernal	2.2e-19	1593039	1593185	146	0	0	0	0
2957iat	Enterobacter_cloacae_strain_AR_0050_chromosome_complete_genome	genome	+	NZ_CP021896.1	at_nt_hok_sok_tadb	not defined	infernal	7.8e-09	1593053	1593263	210	0	0	0	0
1141iat	Enterobacter_cloacae_strain_AR_0050_plasmid_unitig_3_pilon_complete_sequence	genome	-	NZ_CP021898.1	at_nt_hok_sok_tadb	not defined	infernal	1.3e-64	6265	6039	226	0	0	0	0
321641bat	Enterobacter_cloacae_strain_AR_0050_plasmid_unitig_3_pilon_complete_sequence	genome	-	NZ_CP021898.1	at_nt_hok_sok_tadb	NaN - rows are merged	blastn	NaN - rows are merged	6265	6039	227	5	224	224	106696
5879it	Enterobacter_cloacae_strain_AR_0050_plasmid_unitig_3_pilon_complete_sequence	genome	-	NZ_CP021898.1	t_pro_hok_sok_tadb	not defined	infernal	1.5e-19	6279	6133	146	0	0	0	0
239285bt	Enterobacter_cloacae_strain_AR_0050_plasmid_unitig_3_pilon_complete_sequence	genome	-	NZ_CP021898.1	t_pro_hok_sok_tadb	NaN - rows are merged	tblastn	NaN - rows are merged	6284	6126	159	1	53	53	106696
6770iat	Enterobacter_cloacae_strain_AR_0053_chromosome_complete_genome	genome	-	NZ_CP021776.1	at_nt_hok_sok_tadb	not defined	infernal	0.001	3737892	3737680	212	0	0	0	0
128441bt	Enterobacter_cloacae_strain_AR_0053_chromosome_complete_genome	genome	-	NZ_CP021776.1	t_pro_hok_sok_tadb	NaN - rows are merged	tblastn	NaN - rows are merged	3737902	3737759	144	1	48	48	4974147
9660it	Enterobacter_cloacae_strain_AR_0053_chromosome_complete_genome	genome	-	NZ_CP021776.1	t_pro_hok_sok_tadb	not defined	infernal	2.7e-15	3737905	3737761	144	0	0	0	0
129068bt	Enterobacter_cloacae_strain_AR_0053_chromosome_complete_genome	genome	-	NZ_CP021776.1	t_pro_hok_sok_tadb	1449bt_bac:Hok_Gef_family_protein_[Lelliottia_nimipressuralis]_tasys:t_pro_hok_sok_tadb_genome:WP_10	tblastn	3.85e-08	4016178	4016101	26	23	48	48	4974147
6822iat	Enterobacter_cloacae_strain_AR_0053_chromosome_complete_genome	genome	-	NZ_CP021776.1	at_nt_hok_sok_tadb	not defined	infernal	0.0013	4016237	4016082	155	0	0	0	0
10271it	Enterobacter_cloacae_strain_AR_0053_chromosome_complete_genome	genome	-	NZ_CP021776.1	t_pro_hok_sok_tadb	not defined	infernal	5.1e-09	4016242	4016113	129	0	0	0	0
286157bt	Enterobacter_cloacae_strain_AR_0053_plasmid_unitig_2_complete_sequence	genome	+	NZ_CP021777.1	t_pro_hok_sok_tadb	NaN - rows are merged	tblastn	NaN - rows are merged	19542	19712	171	1	57	57	70882
4777it	Enterobacter_cloacae_strain_AR_0053_plasmid_unitig_2_complete_sequence	genome	+	NZ_CP021777.1	t_pro_hok_sok_tadb	not defined	infernal	1.3e-19	19562	19711	149	0	0	0	0
320537bat	Enterobacter_cloacae_strain_AR_0053_plasmid_unitig_2_complete_sequence	genome	+	NZ_CP021777.1	at_nt_hok_sok_tadb	NaN - rows are merged	blastn	NaN - rows are merged	19576	19800	225	1	226	226	70882
1109iat	Enterobacter_cloacae_strain_AR_0053_plasmid_unitig_2_complete_sequence	genome	+	NZ_CP021777.1	at_nt_hok_sok_tadb	not defined	infernal	8.9e-66	19576	19800	224	0	0	0	0
6882iat	Enterobacter_cloacae_strain_AR_0060_chromosome_complete_genome	genome	-	NZ_CP026719.1	at_nt_hok_sok_tadb	not defined	infernal	0.0024	2492299	2492087	212	0	0	0	0
128459bt	Enterobacter_cloacae_strain_AR_0060_chromosome_complete_genome	genome	-	NZ_CP026719.1	t_pro_hok_sok_tadb	NaN - rows are merged	tblastn	NaN - rows are merged	2492309	2492166	144	1	48	48	5104736
9686it	Enterobacter_cloacae_strain_AR_0060_chromosome_complete_genome	genome	-	NZ_CP026719.1	t_pro_hok_sok_tadb	not defined	infernal	6e-15	2492312	2492168	144	0	0	0	0
129070bt	Enterobacter_cloacae_strain_AR_0060_chromosome_complete_genome	genome	-	NZ_CP026719.1	t_pro_hok_sok_tadb	1449bt_bac:Hok_Gef_family_protein_[Lelliottia_nimipressuralis]_tasys:t_pro_hok_sok_tadb_genome:WP_10	tblastn	3.85e-08	2645811	2645734	26	23	48	48	5104736
5745iat	Enterobacter_cloacae_strain_AR_0060_chromosome_complete_genome	genome	-	NZ_CP026719.1	at_nt_hok_sok_tadb	not defined	infernal	0.00011	2645870	2645715	155	0	0	0	0
10236it	Enterobacter_cloacae_strain_AR_0060_chromosome_complete_genome	genome	-	NZ_CP026719.1	t_pro_hok_sok_tadb	not defined	infernal	2.5e-09	2645875	2645746	129	0	0	0	0
191482bt	Enterobacter_cloacae_strain_AR_0060_chromosome_complete_genome	genome	+	NZ_CP026719.1	t_pro_hok_sok_tadb	NaN - rows are merged	tblastn	NaN - rows are merged	2941759	2941911	153	1	51	51	5104736
4563it	Enterobacter_cloacae_strain_AR_0060_chromosome_complete_genome	genome	+	NZ_CP026719.1	t_pro_hok_sok_tadb	not defined	infernal	9.4e-20	2941761	2941907	146	0	0	0	0
2745iat	Enterobacter_cloacae_strain_AR_0060_chromosome_complete_genome	genome	+	NZ_CP026719.1	at_nt_hok_sok_tadb	not defined	infernal	9e-11	2941775	2941985	210	0	0	0	0
2808iat	Enterobacter_cloacae_strain_AR_0065_complete_genome	genome	-	NZ_CP020053.1	at_nt_hok_sok_tadb	not defined	infernal	1.5e-09	1695940	1695729	211	0	0	0	0
7038it	Enterobacter_cloacae_strain_AR_0065_complete_genome	genome	-	NZ_CP020053.1	t_pro_hok_sok_tadb	not defined	infernal	3.1e-19	1695954	1695808	146	0	0	0	0
167791bt	Enterobacter_cloacae_strain_AR_0065_complete_genome	genome	-	NZ_CP020053.1	t_pro_hok_sok_tadb	NaN - rows are merged	tblastn	NaN - rows are merged	1695956	1695804	153	2	51	51	4825100
10237it	Enterobacter_cloacae_strain_AR_0065_complete_genome	genome	+	NZ_CP020053.1	t_pro_hok_sok_tadb	not defined	infernal	2.5e-09	1938378	1938507	129	0	0	0	0
5746iat	Enterobacter_cloacae_strain_AR_0065_complete_genome	genome	+	NZ_CP020053.1	at_nt_hok_sok_tadb	not defined	infernal	0.00011	1938383	1938538	155	0	0	0	0
129053bt	Enterobacter_cloacae_strain_AR_0065_complete_genome	genome	+	NZ_CP020053.1	t_pro_hok_sok_tadb	1449bt_bac:Hok_Gef_family_protein_[Lelliottia_nimipressuralis]_tasys:t_pro_hok_sok_tadb_genome:WP_10	tblastn	3.85e-08	1938442	1938519	26	23	48	48	4825100
9620it	Enterobacter_cloacae_strain_AR_0065_complete_genome	genome	+	NZ_CP020053.1	t_pro_hok_sok_tadb	not defined	infernal	8.1e-16	2115045	2115189	144	0	0	0	0
128469bt	Enterobacter_cloacae_strain_AR_0065_complete_genome	genome	+	NZ_CP020053.1	t_pro_hok_sok_tadb	NaN - rows are merged	tblastn	NaN - rows are merged	2115048	2115191	144	1	48	48	4825100
6022iat	Enterobacter_cloacae_strain_AR_0065_complete_genome	genome	+	NZ_CP020053.1	at_nt_hok_sok_tadb	not defined	infernal	0.00038	2115058	2115270	212	0	0	0	0
286159bt	Enterobacter_cloacae_strain_AR_0065_plasmid_unitig_1_complete_sequence	genome	+	NZ_CP020054.1	t_pro_hok_sok_tadb	NaN - rows are merged	tblastn	NaN - rows are merged	66686	66856	171	1	57	57	69729
4431it	Enterobacter_cloacae_strain_AR_0065_plasmid_unitig_1_complete_sequence	genome	+	NZ_CP020054.1	t_pro_hok_sok_tadb	not defined	infernal	5e-20	66706	66854	148	0	0	0	0
1116iat	Enterobacter_cloacae_strain_AR_0065_plasmid_unitig_1_complete_sequence	genome	+	NZ_CP020054.1	at_nt_hok_sok_tadb	not defined	infernal	2.6e-65	66720	66945	225	0	0	0	0
320407bat	Enterobacter_cloacae_strain_AR_0065_plasmid_unitig_1_complete_sequence	genome	+	NZ_CP020054.1	at_nt_hok_sok_tadb	NaN - rows are merged	blastn	NaN - rows are merged	66720	66945	226	1	226	226	69729
6023iat	Enterobacter_cloacae_strain_AR_0072_chromosome_complete_genome	genome	-	NZ_CP026850.1	at_nt_hok_sok_tadb	not defined	infernal	0.00038	3085294	3085082	212	0	0	0	0
128471bt	Enterobacter_cloacae_strain_AR_0072_chromosome_complete_genome	genome	-	NZ_CP026850.1	t_pro_hok_sok_tadb	NaN - rows are merged	tblastn	NaN - rows are merged	3085304	3085161	144	1	48	48	4684119
9621it	Enterobacter_cloacae_strain_AR_0072_chromosome_complete_genome	genome	-	NZ_CP026850.1	t_pro_hok_sok_tadb	not defined	infernal	8.1e-16	3085307	3085163	144	0	0	0	0
10484it	Enterobacter_cloacae_strain_AR_0072_chromosome_complete_genome	genome	-	NZ_CP026850.1	t_pro_hok_sok_tadb	not defined	infernal	4.8e-07	3230831	3230710	121	0	0	0	0
5968iat	Enterobacter_cloacae_strain_AR_0072_chromosome_complete_genome	genome	-	NZ_CP026850.1	at_nt_hok_sok_tadb	not defined	infernal	0.00028	3230834	3230679	155	0	0	0	0
129024bt	Enterobacter_cloacae_strain_AR_0072_chromosome_complete_genome	genome	-	NZ_CP026850.1	t_pro_hok_sok_tadb	1449bt_bac:Hok_Gef_family_protein_[Lelliottia_nimipressuralis]_tasys:t_pro_hok_sok_tadb_genome:WP_10	tblastn	6.51e-10	3230841	3230698	48	1	48	48	4684119
191458bt	Enterobacter_cloacae_strain_AR_0072_chromosome_complete_genome	genome	+	NZ_CP026850.1	t_pro_hok_sok_tadb	NaN - rows are merged	tblastn	NaN - rows are merged	3460778	3460930	153	1	51	51	4684119
4564it	Enterobacter_cloacae_strain_AR_0072_chromosome_complete_genome	genome	+	NZ_CP026850.1	t_pro_hok_sok_tadb	not defined	infernal	9.4e-20	3460780	3460926	146	0	0	0	0
2763iat	Enterobacter_cloacae_strain_AR_0072_chromosome_complete_genome	genome	+	NZ_CP026850.1	at_nt_hok_sok_tadb	not defined	infernal	2.2e-10	3460794	3461005	211	0	0	0	0
6771iat	Enterobacter_cloacae_strain_AR_0093_chromosome_complete_genome	genome	-	NZ_CP027604.1	at_nt_hok_sok_tadb	not defined	infernal	0.001	1270692	1270480	212	0	0	0	0
128448bt	Enterobacter_cloacae_strain_AR_0093_chromosome_complete_genome	genome	-	NZ_CP027604.1	t_pro_hok_sok_tadb	NaN - rows are merged	tblastn	NaN - rows are merged	1270702	1270559	144	1	48	48	4775558
9661it	Enterobacter_cloacae_strain_AR_0093_chromosome_complete_genome	genome	-	NZ_CP027604.1	t_pro_hok_sok_tadb	not defined	infernal	2.7e-15	1270705	1270561	144	0	0	0	0
129051bt	Enterobacter_cloacae_strain_AR_0093_chromosome_complete_genome	genome	-	NZ_CP027604.1	t_pro_hok_sok_tadb	1449bt_bac:Hok_Gef_family_protein_[Lelliottia_nimipressuralis]_tasys:t_pro_hok_sok_tadb_genome:WP_10	tblastn	3.85e-08	1413079	1413002	26	23	48	48	4775558
6034iat	Enterobacter_cloacae_strain_AR_0093_chromosome_complete_genome	genome	-	NZ_CP027604.1	at_nt_hok_sok_tadb	not defined	infernal	0.00039	1413138	1412983	155	0	0	0	0
10259it	Enterobacter_cloacae_strain_AR_0093_chromosome_complete_genome	genome	-	NZ_CP027604.1	t_pro_hok_sok_tadb	not defined	infernal	3e-09	1413143	1413014	129	0	0	0	0
6772iat	Enterobacter_cloacae_strain_AR_0136_chromosome_complete_genome	genome	-	NZ_CP021902.1	at_nt_hok_sok_tadb	not defined	infernal	0.001	3500964	3500752	212	0	0	0	0
128442bt	Enterobacter_cloacae_strain_AR_0136_chromosome_complete_genome	genome	-	NZ_CP021902.1	t_pro_hok_sok_tadb	NaN - rows are merged	tblastn	NaN - rows are merged	3500974	3500831	144	1	48	48	4933551
9662it	Enterobacter_cloacae_strain_AR_0136_chromosome_complete_genome	genome	-	NZ_CP021902.1	t_pro_hok_sok_tadb	not defined	infernal	2.7e-15	3500977	3500833	144	0	0	0	0
129067bt	Enterobacter_cloacae_strain_AR_0136_chromosome_complete_genome	genome	-	NZ_CP021902.1	t_pro_hok_sok_tadb	1449bt_bac:Hok_Gef_family_protein_[Lelliottia_nimipressuralis]_tasys:t_pro_hok_sok_tadb_genome:WP_10	tblastn	3.85e-08	3780075	3779998	26	23	48	48	4933551
6823iat	Enterobacter_cloacae_strain_AR_0136_chromosome_complete_genome	genome	-	NZ_CP021902.1	at_nt_hok_sok_tadb	not defined	infernal	0.0013	3780134	3779979	155	0	0	0	0
10272it	Enterobacter_cloacae_strain_AR_0136_chromosome_complete_genome	genome	-	NZ_CP021902.1	t_pro_hok_sok_tadb	not defined	infernal	5.1e-09	3780139	3780010	129	0	0	0	0
2776iat	Enterobacter_cloacae_strain_AR_0154_chromosome_complete_genome	genome	-	NZ_CP029716.1	at_nt_hok_sok_tadb	not defined	infernal	3.6e-10	2856879	2856668	211	0	0	0	0
4637it	Enterobacter_cloacae_strain_AR_0154_chromosome_complete_genome	genome	-	NZ_CP029716.1	t_pro_hok_sok_tadb	not defined	infernal	1.1e-19	2856893	2856747	146	0	0	0	0
167755bt	Enterobacter_cloacae_strain_AR_0154_chromosome_complete_genome	genome	-	NZ_CP029716.1	t_pro_hok_sok_tadb	NaN - rows are merged	tblastn	NaN - rows are merged	2856895	2856743	153	2	51	51	4722257
10238it	Enterobacter_cloacae_strain_AR_0154_chromosome_complete_genome	genome	+	NZ_CP029716.1	t_pro_hok_sok_tadb	not defined	infernal	2.5e-09	3093550	3093679	129	0	0	0	0
5747iat	Enterobacter_cloacae_strain_AR_0154_chromosome_complete_genome	genome	+	NZ_CP029716.1	at_nt_hok_sok_tadb	not defined	infernal	0.00011	3093555	3093710	155	0	0	0	0
129033bt	Enterobacter_cloacae_strain_AR_0154_chromosome_complete_genome	genome	+	NZ_CP029716.1	t_pro_hok_sok_tadb	1449bt_bac:Hok_Gef_family_protein_[Lelliottia_nimipressuralis]_tasys:t_pro_hok_sok_tadb_genome:WP_10	tblastn	1.96e-08	3093614	3093691	26	23	48	48	4722257
9687it	Enterobacter_cloacae_strain_AR_0154_chromosome_complete_genome	genome	+	NZ_CP029716.1	t_pro_hok_sok_tadb	not defined	infernal	6e-15	3246032	3246176	144	0	0	0	0
128474bt	Enterobacter_cloacae_strain_AR_0154_chromosome_complete_genome	genome	+	NZ_CP029716.1	t_pro_hok_sok_tadb	NaN - rows are merged	tblastn	NaN - rows are merged	3246035	3246178	144	1	48	48	4722257
6883iat	Enterobacter_cloacae_strain_AR_0154_chromosome_complete_genome	genome	+	NZ_CP029716.1	at_nt_hok_sok_tadb	not defined	infernal	0.0024	3246045	3246257	212	0	0	0	0
1129iat	Enterobacter_cloacae_strain_AR_0154_plasmid_unnamed1_complete_sequence	genome	-	NZ_CP029719.1	at_nt_hok_sok_tadb	not defined	infernal	4.9e-65	111422	111197	225	0	0	0	0
320417bat	Enterobacter_cloacae_strain_AR_0154_plasmid_unnamed1_complete_sequence	genome	-	NZ_CP029719.1	at_nt_hok_sok_tadb	NaN - rows are merged	blastn	NaN - rows are merged	111422	111197	226	1	226	226	138933
5876it	Enterobacter_cloacae_strain_AR_0154_plasmid_unnamed1_complete_sequence	genome	-	NZ_CP029719.1	t_pro_hok_sok_tadb	not defined	infernal	1.5e-19	111436	111288	148	0	0	0	0
172709bt	Enterobacter_cloacae_strain_AR_0154_plasmid_unnamed1_complete_sequence	genome	-	NZ_CP029719.1	t_pro_hok_sok_tadb	NaN - rows are merged	tblastn	NaN - rows are merged	111456	111286	171	1	52	52	138933
1710iat	Enterobacter_cloacae_strain_AR_0154_plasmid_unnamed4_complete_sequence	genome	-	NZ_CP029717.1	at_nt_hok_sok_tadb	not defined	infernal	1.4e-39	7499	7281	218	0	0	0	0
3218it	Enterobacter_cloacae_strain_AR_0154_plasmid_unnamed4_complete_sequence	genome	-	NZ_CP029717.1	t_pro_hok_sok_tadb	not defined	infernal	7.7e-21	7514	7364	150	0	0	0	0
172441bt	Enterobacter_cloacae_strain_AR_0154_plasmid_unnamed4_complete_sequence	genome	-	NZ_CP029717.1	t_pro_hok_sok_tadb	NaN - rows are merged	tblastn	NaN - rows are merged	7518	7363	156	1	52	52	315949
2757iat	Enterobacter_cloacae_strain_AR_0163_complete_genome	genome	-	NZ_CP021749.1	at_nt_hok_sok_tadb	not defined	infernal	1.8e-10	1648059	1647848	211	0	0	0	0
4638it	Enterobacter_cloacae_strain_AR_0163_complete_genome	genome	-	NZ_CP021749.1	t_pro_hok_sok_tadb	not defined	infernal	1.1e-19	1648073	1647927	146	0	0	0	0
167797bt	Enterobacter_cloacae_strain_AR_0163_complete_genome	genome	-	NZ_CP021749.1	t_pro_hok_sok_tadb	NaN - rows are merged	tblastn	NaN - rows are merged	1648075	1647923	153	2	51	51	5172197
10239it	Enterobacter_cloacae_strain_AR_0163_complete_genome	genome	+	NZ_CP021749.1	t_pro_hok_sok_tadb	not defined	infernal	2.5e-09	1883489	1883618	129	0	0	0	0
5748iat	Enterobacter_cloacae_strain_AR_0163_complete_genome	genome	+	NZ_CP021749.1	at_nt_hok_sok_tadb	not defined	infernal	0.00011	1883494	1883649	155	0	0	0	0
129040bt	Enterobacter_cloacae_strain_AR_0163_complete_genome	genome	+	NZ_CP021749.1	t_pro_hok_sok_tadb	1449bt_bac:Hok_Gef_family_protein_[Lelliottia_nimipressuralis]_tasys:t_pro_hok_sok_tadb_genome:WP_10	tblastn	1.96e-08	1883553	1883630	26	23	48	48	5172197
9622it	Enterobacter_cloacae_strain_AR_0163_complete_genome	genome	+	NZ_CP021749.1	t_pro_hok_sok_tadb	not defined	infernal	8.1e-16	2151195	2151339	144	0	0	0	0
128458bt	Enterobacter_cloacae_strain_AR_0163_complete_genome	genome	+	NZ_CP021749.1	t_pro_hok_sok_tadb	NaN - rows are merged	tblastn	NaN - rows are merged	2151198	2151341	144	1	48	48	5172197
6024iat	Enterobacter_cloacae_strain_AR_0163_complete_genome	genome	+	NZ_CP021749.1	at_nt_hok_sok_tadb	not defined	infernal	0.00038	2151208	2151420	212	0	0	0	0
139696bt	Enterobacter_cloacae_strain_AR_0163_complete_genome	genome	+	NZ_CP021749.1	t_pro_hok_sok_tadb	NaN - rows are merged	tblastn	NaN - rows are merged	3313234	3313389	156	1	52	52	5172197
3219it	Enterobacter_cloacae_strain_AR_0163_complete_genome	genome	+	NZ_CP021749.1	t_pro_hok_sok_tadb	not defined	infernal	7.7e-21	3313238	3313388	150	0	0	0	0
1711iat	Enterobacter_cloacae_strain_AR_0163_complete_genome	genome	+	NZ_CP021749.1	at_nt_hok_sok_tadb	not defined	infernal	1.4e-39	3313253	3313471	218	0	0	0	0
2777iat	Enterobacter_cloacae_strain_AR_038_chromosome_complete_genome	genome	-	NZ_CP030347.1	at_nt_hok_sok_tadb	not defined	infernal	3.6e-10	27874	27663	211	0	0	0	0
4639it	Enterobacter_cloacae_strain_AR_038_chromosome_complete_genome	genome	-	NZ_CP030347.1	t_pro_hok_sok_tadb	not defined	infernal	1.1e-19	27888	27742	146	0	0	0	0
167772bt	Enterobacter_cloacae_strain_AR_038_chromosome_complete_genome	genome	-	NZ_CP030347.1	t_pro_hok_sok_tadb	NaN - rows are merged	tblastn	NaN - rows are merged	27890	27738	153	2	51	51	5018145
10240it	Enterobacter_cloacae_strain_AR_038_chromosome_complete_genome	genome	+	NZ_CP030347.1	t_pro_hok_sok_tadb	not defined	infernal	2.5e-09	268249	268378	129	0	0	0	0
5749iat	Enterobacter_cloacae_strain_AR_038_chromosome_complete_genome	genome	+	NZ_CP030347.1	at_nt_hok_sok_tadb	not defined	infernal	0.00011	268254	268409	155	0	0	0	0
129069bt	Enterobacter_cloacae_strain_AR_038_chromosome_complete_genome	genome	+	NZ_CP030347.1	t_pro_hok_sok_tadb	1449bt_bac:Hok_Gef_family_protein_[Lelliottia_nimipressuralis]_tasys:t_pro_hok_sok_tadb_genome:WP_10	tblastn	3.85e-08	268313	268390	26	23	48	48	5018145
9623it	Enterobacter_cloacae_strain_AR_038_chromosome_complete_genome	genome	+	NZ_CP030347.1	t_pro_hok_sok_tadb	not defined	infernal	8.1e-16	534219	534363	144	0	0	0	0
128460bt	Enterobacter_cloacae_strain_AR_038_chromosome_complete_genome	genome	+	NZ_CP030347.1	t_pro_hok_sok_tadb	NaN - rows are merged	tblastn	NaN - rows are merged	534222	534365	144	1	48	48	5018145
6025iat	Enterobacter_cloacae_strain_AR_038_chromosome_complete_genome	genome	+	NZ_CP030347.1	at_nt_hok_sok_tadb	not defined	infernal	0.00038	534232	534444	212	0	0	0	0
321640bat	Enterobacter_cloacae_strain_AR_038_plasmid_unnamed5_complete_sequence	genome	-	NZ_CP030350.1	at_nt_hok_sok_tadb	NaN - rows are merged	blastn	NaN - rows are merged	46032	45806	227	5	224	224	106698
1142iat	Enterobacter_cloacae_strain_AR_038_plasmid_unnamed5_complete_sequence	genome	-	NZ_CP030350.1	at_nt_hok_sok_tadb	not defined	infernal	1.3e-64	46032	45806	226	0	0	0	0
5880it	Enterobacter_cloacae_strain_AR_038_plasmid_unnamed5_complete_sequence	genome	-	NZ_CP030350.1	t_pro_hok_sok_tadb	not defined	infernal	1.5e-19	46046	45900	146	0	0	0	0
239287bt	Enterobacter_cloacae_strain_AR_038_plasmid_unnamed5_complete_sequence	genome	-	NZ_CP030350.1	t_pro_hok_sok_tadb	NaN - rows are merged	tblastn	NaN - rows are merged	46051	45893	159	1	53	53	106698
2779iat	Enterobacter_cloacae_strain_CAV1311_complete_genome	genome	-	NZ_CP011572.1	at_nt_hok_sok_tadb	not defined	infernal	3.6e-10	1543867	1543656	211	0	0	0	0
4642it	Enterobacter_cloacae_strain_CAV1311_complete_genome	genome	-	NZ_CP011572.1	t_pro_hok_sok_tadb	not defined	infernal	1.1e-19	1543881	1543735	146	0	0	0	0
167766bt	Enterobacter_cloacae_strain_CAV1311_complete_genome	genome	-	NZ_CP011572.1	t_pro_hok_sok_tadb	NaN - rows are merged	tblastn	NaN - rows are merged	1543883	1543731	153	2	51	51	4879702
10244it	Enterobacter_cloacae_strain_CAV1311_complete_genome	genome	+	NZ_CP011572.1	t_pro_hok_sok_tadb	not defined	infernal	2.5e-09	1813062	1813191	129	0	0	0	0
5753iat	Enterobacter_cloacae_strain_CAV1311_complete_genome	genome	+	NZ_CP011572.1	at_nt_hok_sok_tadb	not defined	infernal	0.00011	1813067	1813222	155	0	0	0	0
129060bt	Enterobacter_cloacae_strain_CAV1311_complete_genome	genome	+	NZ_CP011572.1	t_pro_hok_sok_tadb	1449bt_bac:Hok_Gef_family_protein_[Lelliottia_nimipressuralis]_tasys:t_pro_hok_sok_tadb_genome:WP_10	tblastn	3.85e-08	1813126	1813203	26	23	48	48	4879702
9626it	Enterobacter_cloacae_strain_CAV1311_complete_genome	genome	+	NZ_CP011572.1	t_pro_hok_sok_tadb	not defined	infernal	8.1e-16	1967849	1967993	144	0	0	0	0
128463bt	Enterobacter_cloacae_strain_CAV1311_complete_genome	genome	+	NZ_CP011572.1	t_pro_hok_sok_tadb	NaN - rows are merged	tblastn	NaN - rows are merged	1967852	1967995	144	1	48	48	4879702
6027iat	Enterobacter_cloacae_strain_CAV1311_complete_genome	genome	+	NZ_CP011572.1	at_nt_hok_sok_tadb	not defined	infernal	0.00038	1967862	1968074	212	0	0	0	0
9627it	Enterobacter_cloacae_strain_CAV1411_complete_genome	genome	+	NZ_CP011581.1	t_pro_hok_sok_tadb	not defined	infernal	8.1e-16	81708	81852	144	0	0	0	0
128462bt	Enterobacter_cloacae_strain_CAV1411_complete_genome	genome	+	NZ_CP011581.1	t_pro_hok_sok_tadb	NaN - rows are merged	tblastn	NaN - rows are merged	81711	81854	144	1	48	48	4881003
6028iat	Enterobacter_cloacae_strain_CAV1411_complete_genome	genome	+	NZ_CP011581.1	at_nt_hok_sok_tadb	not defined	infernal	0.00038	81721	81933	212	0	0	0	0
2780iat	Enterobacter_cloacae_strain_CAV1411_complete_genome	genome	-	NZ_CP011581.1	at_nt_hok_sok_tadb	not defined	infernal	3.6e-10	4541180	4540969	211	0	0	0	0
4643it	Enterobacter_cloacae_strain_CAV1411_complete_genome	genome	-	NZ_CP011581.1	t_pro_hok_sok_tadb	not defined	infernal	1.1e-19	4541194	4541048	146	0	0	0	0
167767bt	Enterobacter_cloacae_strain_CAV1411_complete_genome	genome	-	NZ_CP011581.1	t_pro_hok_sok_tadb	NaN - rows are merged	tblastn	NaN - rows are merged	4541196	4541044	153	2	51	51	4881003
10245it	Enterobacter_cloacae_strain_CAV1411_complete_genome	genome	+	NZ_CP011581.1	t_pro_hok_sok_tadb	not defined	infernal	2.5e-09	4807924	4808053	129	0	0	0	0
5754iat	Enterobacter_cloacae_strain_CAV1411_complete_genome	genome	+	NZ_CP011581.1	at_nt_hok_sok_tadb	not defined	infernal	0.00011	4807929	4808084	155	0	0	0	0
129061bt	Enterobacter_cloacae_strain_CAV1411_complete_genome	genome	+	NZ_CP011581.1	t_pro_hok_sok_tadb	1449bt_bac:Hok_Gef_family_protein_[Lelliottia_nimipressuralis]_tasys:t_pro_hok_sok_tadb_genome:WP_10	tblastn	3.85e-08	4807988	4808065	26	23	48	48	4881003
129058bt	Enterobacter_cloacae_strain_CAV1668_complete_genome	genome	-	NZ_CP011584.1	t_pro_hok_sok_tadb	1449bt_bac:Hok_Gef_family_protein_[Lelliottia_nimipressuralis]_tasys:t_pro_hok_sok_tadb_genome:WP_10	tblastn	3.85e-08	128263	128186	26	23	48	48	4876110
5755iat	Enterobacter_cloacae_strain_CAV1668_complete_genome	genome	-	NZ_CP011584.1	at_nt_hok_sok_tadb	not defined	infernal	0.00011	128322	128167	155	0	0	0	0
10246it	Enterobacter_cloacae_strain_CAV1668_complete_genome	genome	-	NZ_CP011584.1	t_pro_hok_sok_tadb	not defined	infernal	2.5e-09	128327	128198	129	0	0	0	0
191473bt	Enterobacter_cloacae_strain_CAV1668_complete_genome	genome	+	NZ_CP011584.1	t_pro_hok_sok_tadb	NaN - rows are merged	tblastn	NaN - rows are merged	395054	395206	153	1	51	51	4876110
4644it	Enterobacter_cloacae_strain_CAV1668_complete_genome	genome	+	NZ_CP011584.1	t_pro_hok_sok_tadb	not defined	infernal	1.1e-19	395056	395202	146	0	0	0	0
2781iat	Enterobacter_cloacae_strain_CAV1668_complete_genome	genome	+	NZ_CP011584.1	at_nt_hok_sok_tadb	not defined	infernal	3.6e-10	395070	395281	211	0	0	0	0
6029iat	Enterobacter_cloacae_strain_CAV1668_complete_genome	genome	-	NZ_CP011584.1	at_nt_hok_sok_tadb	not defined	infernal	0.00038	4849637	4849425	212	0	0	0	0
128465bt	Enterobacter_cloacae_strain_CAV1668_complete_genome	genome	-	NZ_CP011584.1	t_pro_hok_sok_tadb	NaN - rows are merged	tblastn	NaN - rows are merged	4849647	4849504	144	1	48	48	4876110
9628it	Enterobacter_cloacae_strain_CAV1668_complete_genome	genome	-	NZ_CP011584.1	t_pro_hok_sok_tadb	not defined	infernal	8.1e-16	4849650	4849506	144	0	0	0	0
129055bt	Enterobacter_cloacae_strain_CAV1669_complete_genome	genome	-	NZ_CP011650.1	t_pro_hok_sok_tadb	1449bt_bac:Hok_Gef_family_protein_[Lelliottia_nimipressuralis]_tasys:t_pro_hok_sok_tadb_genome:WP_10	tblastn	3.85e-08	128263	128186	26	23	48	48	4849467
5756iat	Enterobacter_cloacae_strain_CAV1669_complete_genome	genome	-	NZ_CP011650.1	at_nt_hok_sok_tadb	not defined	infernal	0.00011	128322	128167	155	0	0	0	0
10247it	Enterobacter_cloacae_strain_CAV1669_complete_genome	genome	-	NZ_CP011650.1	t_pro_hok_sok_tadb	not defined	infernal	2.5e-09	128327	128198	129	0	0	0	0
191471bt	Enterobacter_cloacae_strain_CAV1669_complete_genome	genome	+	NZ_CP011650.1	t_pro_hok_sok_tadb	NaN - rows are merged	tblastn	NaN - rows are merged	367472	367624	153	1	51	51	4849467
4645it	Enterobacter_cloacae_strain_CAV1669_complete_genome	genome	+	NZ_CP011650.1	t_pro_hok_sok_tadb	not defined	infernal	1.1e-19	367474	367620	146	0	0	0	0
2782iat	Enterobacter_cloacae_strain_CAV1669_complete_genome	genome	+	NZ_CP011650.1	at_nt_hok_sok_tadb	not defined	infernal	3.6e-10	367488	367699	211	0	0	0	0
6030iat	Enterobacter_cloacae_strain_CAV1669_complete_genome	genome	-	NZ_CP011650.1	at_nt_hok_sok_tadb	not defined	infernal	0.00038	4822994	4822782	212	0	0	0	0
128467bt	Enterobacter_cloacae_strain_CAV1669_complete_genome	genome	-	NZ_CP011650.1	t_pro_hok_sok_tadb	NaN - rows are merged	tblastn	NaN - rows are merged	4823004	4822861	144	1	48	48	4849467
9629it	Enterobacter_cloacae_strain_CAV1669_complete_genome	genome	-	NZ_CP011650.1	t_pro_hok_sok_tadb	not defined	infernal	8.1e-16	4823007	4822863	144	0	0	0	0
9697it	Enterobacter_cloacae_strain_CZ_1_chromosome_complete_genome	genome	+	NZ_CP035738.1	t_pro_hok_sok_tadb	not defined	infernal	9.2e-15	4440453	4440597	144	0	0	0	0
179404bt	Enterobacter_cloacae_strain_CZ_1_chromosome_complete_genome	genome	+	NZ_CP035738.1	t_pro_hok_sok_tadb	NaN - rows are merged	tblastn	NaN - rows are merged	4440456	4440599	144	1	47	47	4792737
6848iat	Enterobacter_cloacae_strain_CZ_1_chromosome_complete_genome	genome	+	NZ_CP035738.1	at_nt_hok_sok_tadb	not defined	infernal	0.0019	4440466	4440592	126	0	0	0	0
497iat	Enterobacter_cloacae_strain_DG6_genome_assembly_chromosome_I	chromosome	-	NZ_LT840187.1	at_nt_hok_sok_tadb	not defined	infernal	0.00035	2405754	2405542	212	0	0	0	0
849it	Enterobacter_cloacae_strain_DG6_genome_assembly_chromosome_I	chromosome	-	NZ_LT840187.1	t_pro_hok_sok_tadb	not defined	infernal	8.9e-16	2405767	2405623	144	0	0	0	0
195423bt	Enterobacter_cloacae_strain_DG6_genome_assembly_chromosome_I	chromosome	-	NZ_LT840187.1	t_pro_hok_sok_tadb	NaN - rows are merged	tblastn	NaN - rows are merged	2405770	2405621	150	1	48	48	4773509
387iat	Enterobacter_cloacae_strain_DG6_genome_assembly_chromosome_I	chromosome	-	NZ_LT840187.1	at_nt_hok_sok_tadb	not defined	infernal	7.4e-06	2560449	2560294	155	0	0	0	0
888it	Enterobacter_cloacae_strain_DG6_genome_assembly_chromosome_I	chromosome	-	NZ_LT840187.1	t_pro_hok_sok_tadb	not defined	infernal	3.7e-10	2560454	2560325	129	0	0	0	0
195010bt	Enterobacter_cloacae_strain_DG6_genome_assembly_chromosome_I	chromosome	-	NZ_LT840187.1	t_pro_hok_sok_tadb	NaN - rows are merged	tblastn	NaN - rows are merged	2560465	2560313	153	1	51	51	4773509
288741bt	Enterobacter_cloacae_strain_DG6_genome_assembly_chromosome_I	chromosome	+	NZ_LT840187.1	t_pro_hok_sok_tadb	NaN - rows are merged	tblastn	NaN - rows are merged	2794638	2794814	177	1	57	59	4773509
414it	Enterobacter_cloacae_strain_DG6_genome_assembly_chromosome_I	chromosome	+	NZ_LT840187.1	t_pro_hok_sok_tadb	not defined	infernal	1.6e-20	2794664	2794810	146	0	0	0	0
165iat	Enterobacter_cloacae_strain_DG6_genome_assembly_chromosome_I	chromosome	+	NZ_LT840187.1	at_nt_hok_sok_tadb	not defined	infernal	5.4e-11	2794678	2794889	211	0	0	0	0
10260it	Enterobacter_cloacae_strain_E3442_chromosome_complete_genome	genome	+	NZ_CP033466.1	t_pro_hok_sok_tadb	not defined	infernal	3e-09	2737940	2738069	129	0	0	0	0
6038iat	Enterobacter_cloacae_strain_E3442_chromosome_complete_genome	genome	+	NZ_CP033466.1	at_nt_hok_sok_tadb	not defined	infernal	0.00039	2737945	2738100	155	0	0	0	0
129042bt	Enterobacter_cloacae_strain_E3442_chromosome_complete_genome	genome	+	NZ_CP033466.1	t_pro_hok_sok_tadb	1449bt_bac:Hok_Gef_family_protein_[Lelliottia_nimipressuralis]_tasys:t_pro_hok_sok_tadb_genome:WP_10	tblastn	3.85e-08	2738004	2738081	26	23	48	48	4479373
9690it	Enterobacter_cloacae_strain_E3442_chromosome_complete_genome	genome	+	NZ_CP033466.1	t_pro_hok_sok_tadb	not defined	infernal	6.5e-15	2899088	2899232	144	0	0	0	0
179419bt	Enterobacter_cloacae_strain_E3442_chromosome_complete_genome	genome	+	NZ_CP033466.1	t_pro_hok_sok_tadb	NaN - rows are merged	tblastn	NaN - rows are merged	2899091	2899234	144	1	47	47	4479373
6773iat	Enterobacter_cloacae_strain_E3442_chromosome_complete_genome	genome	+	NZ_CP033466.1	at_nt_hok_sok_tadb	not defined	infernal	0.001	2899101	2899313	212	0	0	0	0
180501bt	Enterobacter_cloacae_strain_E3442_plasmid_p3442_FRI_1_complete_sequence	genome	+	NZ_CP033467.1	t_pro_hok_sok_tadb	NaN - rows are merged	tblastn	NaN - rows are merged	36181	36339	159	1	51	52	93658
7211it	Enterobacter_cloacae_strain_E3442_plasmid_p3442_FRI_1_complete_sequence	genome	+	NZ_CP033467.1	t_pro_hok_sok_tadb	not defined	infernal	4.6e-19	36186	36332	146	0	0	0	0
1281iat	Enterobacter_cloacae_strain_E3442_plasmid_p3442_FRI_1_complete_sequence	genome	+	NZ_CP033467.1	at_nt_hok_sok_tadb	not defined	infernal	3.6e-63	36200	36427	227	0	0	0	0
320699bat	Enterobacter_cloacae_strain_E3442_plasmid_p3442_FRI_1_complete_sequence	genome	+	NZ_CP033467.1	at_nt_hok_sok_tadb	NaN - rows are merged	blastn	NaN - rows are merged	36200	36427	228	1	226	226	93658
2728iat	Enterobacter_cloacae_strain_ECNIH4_complete_genome	genome	-	NZ_CP009850.1	at_nt_hok_sok_tadb	not defined	infernal	2.6e-11	4032680	4032465	215	0	0	0	0
7896it	Enterobacter_cloacae_strain_ECNIH4_complete_genome	genome	-	NZ_CP009850.1	t_pro_hok_sok_tadb	not defined	infernal	9.6e-19	4032694	4032548	146	0	0	0	0
167800bt	Enterobacter_cloacae_strain_ECNIH4_complete_genome	genome	-	NZ_CP009850.1	t_pro_hok_sok_tadb	NaN - rows are merged	tblastn	NaN - rows are merged	4032696	4032544	153	2	51	51	4761385
191453bt	Enterobacter_cloacae_strain_ECNIH5_complete_genome	genome	+	NZ_CP009854.1	t_pro_hok_sok_tadb	NaN - rows are merged	tblastn	NaN - rows are merged	752456	752608	153	1	51	51	4626882
6413it	Enterobacter_cloacae_strain_ECNIH5_complete_genome	genome	+	NZ_CP009854.1	t_pro_hok_sok_tadb	not defined	infernal	2.2e-19	752458	752604	146	0	0	0	0
2958iat	Enterobacter_cloacae_strain_ECNIH5_complete_genome	genome	+	NZ_CP009854.1	at_nt_hok_sok_tadb	not defined	infernal	7.8e-09	752472	752682	210	0	0	0	0
6003iat	Enterobacter_cloacae_strain_EN3600_chromosome_complete_genome	genome	-	NZ_CP035633.1	at_nt_hok_sok_tadb	not defined	infernal	0.0003	4645069	4644943	126	0	0	0	0
128483bt	Enterobacter_cloacae_strain_EN3600_chromosome_complete_genome	genome	-	NZ_CP035633.1	t_pro_hok_sok_tadb	NaN - rows are merged	tblastn	NaN - rows are merged	4645079	4644936	144	1	48	48	4824514
9678it	Enterobacter_cloacae_strain_EN3600_chromosome_complete_genome	genome	-	NZ_CP035633.1	t_pro_hok_sok_tadb	not defined	infernal	4.6e-15	4645082	4644938	144	0	0	0	0
1712iat	Enterobacter_cloacae_strain_EN3600_plasmid_unnamed2_complete_sequence	genome	-	NZ_CP035634.1	at_nt_hok_sok_tadb	not defined	infernal	1.4e-39	235287	235069	218	0	0	0	0
3220it	Enterobacter_cloacae_strain_EN3600_plasmid_unnamed2_complete_sequence	genome	-	NZ_CP035634.1	t_pro_hok_sok_tadb	not defined	infernal	7.7e-21	235302	235152	150	0	0	0	0
172420bt	Enterobacter_cloacae_strain_EN3600_plasmid_unnamed2_complete_sequence	genome	-	NZ_CP035634.1	t_pro_hok_sok_tadb	NaN - rows are merged	tblastn	NaN - rows are merged	235306	235151	156	1	52	52	289962
172537bt	Enterobacter_cloacae_strain_EN3600_plasmid_unnamed3_complete_sequence	genome	+	NZ_CP035635.1	t_pro_hok_sok_tadb	NaN - rows are merged	tblastn	NaN - rows are merged	47309	47464	156	1	52	52	116221
8024it	Enterobacter_cloacae_strain_EN3600_plasmid_unnamed3_complete_sequence	genome	+	NZ_CP035635.1	t_pro_hok_sok_tadb	not defined	infernal	1.4e-18	47314	47462	148	0	0	0	0
1666iat	Enterobacter_cloacae_strain_EN3600_plasmid_unnamed3_complete_sequence	genome	+	NZ_CP035635.1	at_nt_hok_sok_tadb	not defined	infernal	3.1e-51	47328	47555	227	0	0	0	0
320856bat	Enterobacter_cloacae_strain_EN3600_plasmid_unnamed3_complete_sequence	genome	+	NZ_CP035635.1	at_nt_hok_sok_tadb	NaN - rows are merged	blastn	NaN - rows are merged	47330	47553	224	1	220	220	116221
320416bat	Enterobacter_cloacae_strain_EN3600_plasmid_unnamed4_complete_sequence	genome	-	NZ_CP035636.1	at_nt_hok_sok_tadb	NaN - rows are merged	blastn	NaN - rows are merged	84559	84334	226	1	226	226	103522
1130iat	Enterobacter_cloacae_strain_EN3600_plasmid_unnamed4_complete_sequence	genome	-	NZ_CP035636.1	at_nt_hok_sok_tadb	not defined	infernal	4.9e-65	84559	84334	225	0	0	0	0
5877it	Enterobacter_cloacae_strain_EN3600_plasmid_unnamed4_complete_sequence	genome	-	NZ_CP035636.1	t_pro_hok_sok_tadb	not defined	infernal	1.5e-19	84573	84425	148	0	0	0	0
172713bt	Enterobacter_cloacae_strain_EN3600_plasmid_unnamed4_complete_sequence	genome	-	NZ_CP035636.1	t_pro_hok_sok_tadb	NaN - rows are merged	tblastn	NaN - rows are merged	84593	84423	171	1	52	52	103522
320538bat	Enterobacter_cloacae_strain_EN3600_plasmid_unnamed5_complete_sequence	genome	-	NZ_CP035637.1	at_nt_hok_sok_tadb	NaN - rows are merged	blastn	NaN - rows are merged	73854	73629	226	1	226	226	86605
1131iat	Enterobacter_cloacae_strain_EN3600_plasmid_unnamed5_complete_sequence	genome	-	NZ_CP035637.1	at_nt_hok_sok_tadb	not defined	infernal	5.6e-65	73854	73629	225	0	0	0	0
4574it	Enterobacter_cloacae_strain_EN3600_plasmid_unnamed5_complete_sequence	genome	-	NZ_CP035637.1	t_pro_hok_sok_tadb	not defined	infernal	1e-19	73868	73719	149	0	0	0	0
172689bt	Enterobacter_cloacae_strain_EN3600_plasmid_unnamed5_complete_sequence	genome	-	NZ_CP035637.1	t_pro_hok_sok_tadb	NaN - rows are merged	tblastn	NaN - rows are merged	73888	73718	171	1	52	52	86605
6928iat	Enterobacter_cloacae_strain_FRM_chromosome_complete_genome	genome	-	NZ_CP019889.1	at_nt_hok_sok_tadb	not defined	infernal	0.0037	344798	344672	126	0	0	0	0
128461bt	Enterobacter_cloacae_strain_FRM_chromosome_complete_genome	genome	-	NZ_CP019889.1	t_pro_hok_sok_tadb	NaN - rows are merged	tblastn	NaN - rows are merged	344808	344665	144	1	48	48	4899400
9684it	Enterobacter_cloacae_strain_FRM_chromosome_complete_genome	genome	-	NZ_CP019889.1	t_pro_hok_sok_tadb	not defined	infernal	5.7e-15	344811	344667	144	0	0	0	0
129064bt	Enterobacter_cloacae_strain_FRM_chromosome_complete_genome	genome	-	NZ_CP019889.1	t_pro_hok_sok_tadb	1449bt_bac:Hok_Gef_family_protein_[Lelliottia_nimipressuralis]_tasys:t_pro_hok_sok_tadb_genome:WP_10	tblastn	3.85e-08	499686	499609	26	23	48	48	4899400
5400iat	Enterobacter_cloacae_strain_FRM_chromosome_complete_genome	genome	-	NZ_CP019889.1	at_nt_hok_sok_tadb	not defined	infernal	5e-05	499745	499590	155	0	0	0	0
10248it	Enterobacter_cloacae_strain_FRM_chromosome_complete_genome	genome	-	NZ_CP019889.1	t_pro_hok_sok_tadb	not defined	infernal	2.5e-09	499750	499621	129	0	0	0	0
191496bt	Enterobacter_cloacae_strain_FRM_chromosome_complete_genome	genome	+	NZ_CP019889.1	t_pro_hok_sok_tadb	NaN - rows are merged	tblastn	NaN - rows are merged	734134	734286	153	1	51	51	4899400
4646it	Enterobacter_cloacae_strain_FRM_chromosome_complete_genome	genome	+	NZ_CP019889.1	t_pro_hok_sok_tadb	not defined	infernal	1.1e-19	734136	734282	146	0	0	0	0
3440iat	Enterobacter_cloacae_strain_FRM_chromosome_complete_genome	genome	+	NZ_CP019889.1	at_nt_hok_sok_tadb	not defined	infernal	8.6e-08	734150	734338	188	0	0	0	0
321757bat	Enterobacter_cloacae_strain_FRM_plasmid_unnamed1_complete_sequence	genome	-	NZ_CP019890.1	at_nt_hok_sok_tadb	NaN - rows are merged	blastn	NaN - rows are merged	77033	76806	228	5	224	224	124759
1279iat	Enterobacter_cloacae_strain_FRM_plasmid_unnamed1_complete_sequence	genome	-	NZ_CP019890.1	at_nt_hok_sok_tadb	not defined	infernal	3.6e-63	77033	76806	227	0	0	0	0
7212it	Enterobacter_cloacae_strain_FRM_plasmid_unnamed1_complete_sequence	genome	-	NZ_CP019890.1	t_pro_hok_sok_tadb	not defined	infernal	4.6e-19	77047	76901	146	0	0	0	0
239257bt	Enterobacter_cloacae_strain_FRM_plasmid_unnamed1_complete_sequence	genome	-	NZ_CP019890.1	t_pro_hok_sok_tadb	NaN - rows are merged	tblastn	NaN - rows are merged	77052	76894	159	1	53	53	124759
10399it	Enterobacter_cloacae_strain_GGT036_complete_genome	genome	-	NZ_CP009756.1	t_pro_hok_sok_tadb	not defined	infernal	1.5e-07	512642	512522	120	0	0	0	0
7175iat	Enterobacter_cloacae_strain_GGT036_complete_genome	genome	-	NZ_CP009756.1	at_nt_hok_sok_tadb	not defined	infernal	0.0061	512644	512489	155	0	0	0	0
129026bt	Enterobacter_cloacae_strain_GGT036_complete_genome	genome	-	NZ_CP009756.1	t_pro_hok_sok_tadb	1449bt_bac:Hok_Gef_family_protein_[Lelliottia_nimipressuralis]_tasys:t_pro_hok_sok_tadb_genome:WP_10	tblastn	3.33e-09	512651	512508	48	1	48	48	4848754
191470bt	Enterobacter_cloacae_strain_GGT036_complete_genome	genome	+	NZ_CP009756.1	t_pro_hok_sok_tadb	NaN - rows are merged	tblastn	NaN - rows are merged	764039	764191	153	1	51	51	4848754
8032it	Enterobacter_cloacae_strain_GGT036_complete_genome	genome	+	NZ_CP009756.1	t_pro_hok_sok_tadb	not defined	infernal	1.4e-18	764041	764187	146	0	0	0	0
2724iat	Enterobacter_cloacae_strain_GGT036_complete_genome	genome	+	NZ_CP009756.1	at_nt_hok_sok_tadb	not defined	infernal	2.5e-11	764055	764267	212	0	0	0	0
7194iat	Enterobacter_cloacae_strain_M12X01451_chromosome_complete_genome	genome	-	NZ_CP017475.1	at_nt_hok_sok_tadb	not defined	infernal	0.007	343312	343186	126	0	0	0	0
128423bt	Enterobacter_cloacae_strain_M12X01451_chromosome_complete_genome	genome	-	NZ_CP017475.1	t_pro_hok_sok_tadb	NaN - rows are merged	tblastn	NaN - rows are merged	343322	343179	144	1	48	48	4918273
9651it	Enterobacter_cloacae_strain_M12X01451_chromosome_complete_genome	genome	-	NZ_CP017475.1	t_pro_hok_sok_tadb	not defined	infernal	1.9e-15	343325	343181	144	0	0	0	0
10400it	Enterobacter_cloacae_strain_M12X01451_chromosome_complete_genome	genome	-	NZ_CP017475.1	t_pro_hok_sok_tadb	not defined	infernal	1.5e-07	493367	493247	120	0	0	0	0
7176iat	Enterobacter_cloacae_strain_M12X01451_chromosome_complete_genome	genome	-	NZ_CP017475.1	at_nt_hok_sok_tadb	not defined	infernal	0.0061	493369	493214	155	0	0	0	0
129027bt	Enterobacter_cloacae_strain_M12X01451_chromosome_complete_genome	genome	-	NZ_CP017475.1	t_pro_hok_sok_tadb	1449bt_bac:Hok_Gef_family_protein_[Lelliottia_nimipressuralis]_tasys:t_pro_hok_sok_tadb_genome:WP_10	tblastn	3.33e-09	493376	493233	48	1	48	48	4918273
191479bt	Enterobacter_cloacae_strain_M12X01451_chromosome_complete_genome	genome	+	NZ_CP017475.1	t_pro_hok_sok_tadb	NaN - rows are merged	tblastn	NaN - rows are merged	724442	724594	153	1	51	51	4918273
8035it	Enterobacter_cloacae_strain_M12X01451_chromosome_complete_genome	genome	+	NZ_CP017475.1	t_pro_hok_sok_tadb	not defined	infernal	1.5e-18	724444	724590	146	0	0	0	0
2736iat	Enterobacter_cloacae_strain_M12X01451_chromosome_complete_genome	genome	+	NZ_CP017475.1	at_nt_hok_sok_tadb	not defined	infernal	5.8e-11	724458	724670	212	0	0	0	0
2758iat	Enterobacter_cloacae_strain_MS7884A_chromosome_complete_genome	genome	-	NZ_CP022532.1	at_nt_hok_sok_tadb	not defined	infernal	1.8e-10	1061117	1060906	211	0	0	0	0
4647it	Enterobacter_cloacae_strain_MS7884A_chromosome_complete_genome	genome	-	NZ_CP022532.1	t_pro_hok_sok_tadb	not defined	infernal	1.1e-19	1061131	1060985	146	0	0	0	0
167796bt	Enterobacter_cloacae_strain_MS7884A_chromosome_complete_genome	genome	-	NZ_CP022532.1	t_pro_hok_sok_tadb	NaN - rows are merged	tblastn	NaN - rows are merged	1061133	1060981	153	2	51	51	4810853
10249it	Enterobacter_cloacae_strain_MS7884A_chromosome_complete_genome	genome	+	NZ_CP022532.1	t_pro_hok_sok_tadb	not defined	infernal	2.5e-09	1286523	1286652	129	0	0	0	0
5742iat	Enterobacter_cloacae_strain_MS7884A_chromosome_complete_genome	genome	+	NZ_CP022532.1	at_nt_hok_sok_tadb	not defined	infernal	0.00011	1286528	1286683	155	0	0	0	0
129036bt	Enterobacter_cloacae_strain_MS7884A_chromosome_complete_genome	genome	+	NZ_CP022532.1	t_pro_hok_sok_tadb	1449bt_bac:Hok_Gef_family_protein_[Lelliottia_nimipressuralis]_tasys:t_pro_hok_sok_tadb_genome:WP_10	tblastn	1.96e-08	1286587	1286664	26	23	48	48	4810853
183524bt	Enterobacter_cloacae_strain_MS7884A_chromosome_complete_genome	genome	+	NZ_CP022532.1	t_pro_hok_sok_tadb	NaN - rows are merged	tblastn	NaN - rows are merged	2610459	2610617	159	1	47	50	4810853
5995it	Enterobacter_cloacae_strain_MS7884A_chromosome_complete_genome	genome	+	NZ_CP022532.1	t_pro_hok_sok_tadb	not defined	infernal	1.8e-19	2610465	2610610	145	0	0	0	0
320693bat	Enterobacter_cloacae_strain_MS7884A_chromosome_complete_genome	genome	+	NZ_CP022532.1	at_nt_hok_sok_tadb	NaN - rows are merged	blastn	NaN - rows are merged	2610478	2610703	226	1	225	226	4810853
1247iat	Enterobacter_cloacae_strain_MS7884A_chromosome_complete_genome	genome	+	NZ_CP022532.1	at_nt_hok_sok_tadb	not defined	infernal	9.8e-64	2610478	2610704	226	0	0	0	0
1715iat	Enterobacter_cloacae_strain_MS7884A_plasmid_pMS7884A_complete_sequence	genome	-	NZ_CP022533.1	at_nt_hok_sok_tadb	not defined	infernal	1.4e-39	121244	121026	218	0	0	0	0
3223it	Enterobacter_cloacae_strain_MS7884A_plasmid_pMS7884A_complete_sequence	genome	-	NZ_CP022533.1	t_pro_hok_sok_tadb	not defined	infernal	7.7e-21	121259	121109	150	0	0	0	0
172445bt	Enterobacter_cloacae_strain_MS7884A_plasmid_pMS7884A_complete_sequence	genome	-	NZ_CP022533.1	t_pro_hok_sok_tadb	NaN - rows are merged	tblastn	NaN - rows are merged	121263	121108	156	1	52	52	330060
1117iat	Enterobacter_cloacae_strain_MS7884A_plasmid_pMS7884B_complete_sequence	genome	-	NZ_CP022534.1	at_nt_hok_sok_tadb	not defined	infernal	2.6e-65	105884	105659	225	0	0	0	0
320406bat	Enterobacter_cloacae_strain_MS7884A_plasmid_pMS7884B_complete_sequence	genome	-	NZ_CP022534.1	at_nt_hok_sok_tadb	NaN - rows are merged	blastn	NaN - rows are merged	105884	105659	226	1	226	226	126208
4432it	Enterobacter_cloacae_strain_MS7884A_plasmid_pMS7884B_complete_sequence	genome	-	NZ_CP022534.1	t_pro_hok_sok_tadb	not defined	infernal	5e-20	105898	105750	148	0	0	0	0
172711bt	Enterobacter_cloacae_strain_MS7884A_plasmid_pMS7884B_complete_sequence	genome	-	NZ_CP022534.1	t_pro_hok_sok_tadb	NaN - rows are merged	tblastn	NaN - rows are merged	105918	105748	171	1	52	52	126208
191451bt	Enterobacter_cloacae_strain_NCTC11571_genome_assembly_chromosome_1	genome	+	NZ_LR134164.1	t_pro_hok_sok_tadb	NaN - rows are merged	tblastn	NaN - rows are merged	771711	771863	153	1	51	51	4552052
6305it	Enterobacter_cloacae_strain_NCTC11571_genome_assembly_chromosome_1	genome	+	NZ_LR134164.1	t_pro_hok_sok_tadb	not defined	infernal	2.1e-19	771713	771859	146	0	0	0	0
2815iat	Enterobacter_cloacae_strain_NCTC11571_genome_assembly_chromosome_1	genome	+	NZ_LR134164.1	at_nt_hok_sok_tadb	not defined	infernal	1.7e-09	771727	771938	211	0	0	0	0
288744bt	Enterobacter_cloacae_strain_NH52_chromosome_I_whole_genome_shotgun_sequence	chromosome	+	NZ_LT160614.1	t_pro_hok_sok_tadb	NaN - rows are merged	tblastn	NaN - rows are merged	2613864	2614040	177	1	57	59	5159348
710it	Enterobacter_cloacae_strain_NH52_chromosome_I_whole_genome_shotgun_sequence	chromosome	+	NZ_LT160614.1	t_pro_hok_sok_tadb	not defined	infernal	2.2e-19	2613890	2614036	146	0	0	0	0
160iat	Enterobacter_cloacae_strain_NH52_chromosome_I_whole_genome_shotgun_sequence	chromosome	+	NZ_LT160614.1	at_nt_hok_sok_tadb	not defined	infernal	1.7e-12	2613904	2614116	212	0	0	0	0
902it	Enterobacter_cloacae_strain_NH52_chromosome_I_whole_genome_shotgun_sequence	chromosome	-	NZ_LT160614.1	t_pro_hok_sok_tadb	not defined	infernal	2.3e-08	3163636	3163516	120	0	0	0	0
692iat	Enterobacter_cloacae_strain_NH52_chromosome_I_whole_genome_shotgun_sequence	chromosome	-	NZ_LT160614.1	at_nt_hok_sok_tadb	not defined	infernal	0.0037	3163638	3163483	155	0	0	0	0
193849bt	Enterobacter_cloacae_strain_NH52_chromosome_I_whole_genome_shotgun_sequence	chromosome	-	NZ_LT160614.1	t_pro_hok_sok_tadb	NaN - rows are merged	tblastn	NaN - rows are merged	3163654	3163502	153	1	51	51	5159348
310731bt	Enterobacter_cloacae_strain_NH52_chromosome_I_whole_genome_shotgun_sequence	chromosome	+	NZ_LT160614.1	t_pro_hok_sok_tadb	NaN - rows are merged	tblastn	NaN - rows are merged	4404118	4404282	165	2	52	58	5159348
847it	Enterobacter_cloacae_strain_NH52_chromosome_I_whole_genome_shotgun_sequence	chromosome	+	NZ_LT160614.1	t_pro_hok_sok_tadb	not defined	infernal	2.8e-16	4404136	4404280	144	0	0	0	0
519iat	Enterobacter_cloacae_strain_NH52_chromosome_I_whole_genome_shotgun_sequence	chromosome	+	NZ_LT160614.1	at_nt_hok_sok_tadb	not defined	infernal	0.001	4404149	4404275	126	0	0	0	0
7195iat	Enterobacter_cloacae_strain_PIMB10EC27_chromosome_complete_genome	genome	-	NZ_CP020089.1	at_nt_hok_sok_tadb	not defined	infernal	0.007	342938	342812	126	0	0	0	0
128421bt	Enterobacter_cloacae_strain_PIMB10EC27_chromosome_complete_genome	genome	-	NZ_CP020089.1	t_pro_hok_sok_tadb	NaN - rows are merged	tblastn	NaN - rows are merged	342948	342805	144	1	48	48	5272177
9652it	Enterobacter_cloacae_strain_PIMB10EC27_chromosome_complete_genome	genome	-	NZ_CP020089.1	t_pro_hok_sok_tadb	not defined	infernal	1.9e-15	342951	342807	144	0	0	0	0
10401it	Enterobacter_cloacae_strain_PIMB10EC27_chromosome_complete_genome	genome	-	NZ_CP020089.1	t_pro_hok_sok_tadb	not defined	infernal	1.5e-07	571797	571677	120	0	0	0	0
7177iat	Enterobacter_cloacae_strain_PIMB10EC27_chromosome_complete_genome	genome	-	NZ_CP020089.1	at_nt_hok_sok_tadb	not defined	infernal	0.0061	571799	571644	155	0	0	0	0
129028bt	Enterobacter_cloacae_strain_PIMB10EC27_chromosome_complete_genome	genome	-	NZ_CP020089.1	t_pro_hok_sok_tadb	1449bt_bac:Hok_Gef_family_protein_[Lelliottia_nimipressuralis]_tasys:t_pro_hok_sok_tadb_genome:WP_10	tblastn	3.33e-09	571806	571663	48	1	48	48	5272177
191483bt	Enterobacter_cloacae_strain_PIMB10EC27_chromosome_complete_genome	genome	+	NZ_CP020089.1	t_pro_hok_sok_tadb	NaN - rows are merged	tblastn	NaN - rows are merged	833115	833267	153	1	51	51	5272177
8036it	Enterobacter_cloacae_strain_PIMB10EC27_chromosome_complete_genome	genome	+	NZ_CP020089.1	t_pro_hok_sok_tadb	not defined	infernal	1.5e-18	833117	833263	146	0	0	0	0
2733iat	Enterobacter_cloacae_strain_PIMB10EC27_chromosome_complete_genome	genome	+	NZ_CP020089.1	at_nt_hok_sok_tadb	not defined	infernal	4.6e-11	833131	833343	212	0	0	0	0
9643it	Enterobacter_cloacae_strain_R11_chromosome_complete_genome	genome	+	NZ_CP019839.1	t_pro_hok_sok_tadb	not defined	infernal	1.1e-15	4461436	4461580	144	0	0	0	0
128494bt	Enterobacter_cloacae_strain_R11_chromosome_complete_genome	genome	+	NZ_CP019839.1	t_pro_hok_sok_tadb	NaN - rows are merged	tblastn	NaN - rows are merged	4461439	4461582	144	1	48	48	4812230
6931iat	Enterobacter_cloacae_strain_R11_chromosome_complete_genome	genome	+	NZ_CP019839.1	at_nt_hok_sok_tadb	not defined	infernal	0.0038	4461449	4461575	126	0	0	0	0
286142bt	Enterobacter_cloacae_strain_R11_plasmid_pASM1_complete_sequence	genome	+	NZ_CP019840.1	t_pro_hok_sok_tadb	NaN - rows are merged	tblastn	NaN - rows are merged	80899	81069	171	1	57	57	85262
4461it	Enterobacter_cloacae_strain_R11_plasmid_pASM1_complete_sequence	genome	+	NZ_CP019840.1	t_pro_hok_sok_tadb	not defined	infernal	6.7e-20	80919	81067	148	0	0	0	0
1183iat	Enterobacter_cloacae_strain_R11_plasmid_pASM1_complete_sequence	genome	+	NZ_CP019840.1	at_nt_hok_sok_tadb	not defined	infernal	2e-64	80933	81158	225	0	0	0	0
320410bat	Enterobacter_cloacae_strain_R11_plasmid_pASM1_complete_sequence	genome	+	NZ_CP019840.1	at_nt_hok_sok_tadb	NaN - rows are merged	blastn	NaN - rows are merged	80933	81158	226	1	226	226	85262
7196iat	Enterobacter_cloacae_subsp_cloacae_ATCC_13047_chromosome_complete_genome	genome	-	NC_014121.1	at_nt_hok_sok_tadb	not defined	infernal	0.007	344990	344864	126	0	0	0	0
128420bt	Enterobacter_cloacae_subsp_cloacae_ATCC_13047_chromosome_complete_genome	genome	-	NC_014121.1	t_pro_hok_sok_tadb	NaN - rows are merged	tblastn	NaN - rows are merged	345000	344857	144	1	48	48	5314581
9653it	Enterobacter_cloacae_subsp_cloacae_ATCC_13047_chromosome_complete_genome	genome	-	NC_014121.1	t_pro_hok_sok_tadb	not defined	infernal	1.9e-15	345003	344859	144	0	0	0	0
10402it	Enterobacter_cloacae_subsp_cloacae_ATCC_13047_chromosome_complete_genome	genome	-	NC_014121.1	t_pro_hok_sok_tadb	not defined	infernal	1.5e-07	638654	638534	120	0	0	0	0
7178iat	Enterobacter_cloacae_subsp_cloacae_ATCC_13047_chromosome_complete_genome	genome	-	NC_014121.1	at_nt_hok_sok_tadb	not defined	infernal	0.0061	638656	638501	155	0	0	0	0
129029bt	Enterobacter_cloacae_subsp_cloacae_ATCC_13047_chromosome_complete_genome	genome	-	NC_014121.1	t_pro_hok_sok_tadb	1449bt_bac:Hok_Gef_family_protein_[Lelliottia_nimipressuralis]_tasys:t_pro_hok_sok_tadb_genome:WP_10	tblastn	3.33e-09	638663	638520	48	1	48	48	5314581
191484bt	Enterobacter_cloacae_subsp_cloacae_ATCC_13047_chromosome_complete_genome	genome	+	NC_014121.1	t_pro_hok_sok_tadb	NaN - rows are merged	tblastn	NaN - rows are merged	867754	867906	153	1	51	51	5314581
8350it	Enterobacter_cloacae_subsp_cloacae_ATCC_13047_chromosome_complete_genome	genome	+	NC_014121.1	t_pro_hok_sok_tadb	not defined	infernal	2.3e-18	867756	867902	146	0	0	0	0
2720iat	Enterobacter_cloacae_subsp_cloacae_ATCC_13047_chromosome_complete_genome	genome	+	NC_014121.1	at_nt_hok_sok_tadb	not defined	infernal	2.2e-11	867770	867982	212	0	0	0	0
286155bt	Enterobacter_cloacae_subsp_cloacae_ATCC_13047_plasmid_pECL_A_complete_sequence	genome	+	NC_014107.1	t_pro_hok_sok_tadb	NaN - rows are merged	tblastn	NaN - rows are merged	90266	90436	171	1	57	57	199562
5992it	Enterobacter_cloacae_subsp_cloacae_ATCC_13047_plasmid_pECL_A_complete_sequence	genome	+	NC_014107.1	t_pro_hok_sok_tadb	not defined	infernal	1.8e-19	90286	90434	148	0	0	0	0
320415bat	Enterobacter_cloacae_subsp_cloacae_ATCC_13047_plasmid_pECL_A_complete_sequence	genome	+	NC_014107.1	at_nt_hok_sok_tadb	NaN - rows are merged	blastn	NaN - rows are merged	90300	90525	226	1	226	226	199562
1126iat	Enterobacter_cloacae_subsp_cloacae_ATCC_13047_plasmid_pECL_A_complete_sequence	genome	+	NC_014107.1	at_nt_hok_sok_tadb	not defined	infernal	3.6e-65	90300	90525	225	0	0	0	0
191494bt	Enterobacter_cloacae_subsp_cloacae_ENHKU01_complete_genome	genome	+	NC_018405.1	t_pro_hok_sok_tadb	NaN - rows are merged	tblastn	NaN - rows are merged	812321	812473	153	1	51	51	4726582
7897it	Enterobacter_cloacae_subsp_cloacae_ENHKU01_complete_genome	genome	+	NC_018405.1	t_pro_hok_sok_tadb	not defined	infernal	9.6e-19	812323	812469	146	0	0	0	0
2729iat	Enterobacter_cloacae_subsp_cloacae_ENHKU01_complete_genome	genome	+	NC_018405.1	at_nt_hok_sok_tadb	not defined	infernal	2.6e-11	812337	812552	215	0	0	0	0
7197iat	Enterobacter_cloacae_subsp_dissolvens_SDM_complete_genome	genome	-	NC_018079.1	at_nt_hok_sok_tadb	not defined	infernal	0.007	352359	352233	126	0	0	0	0
128422bt	Enterobacter_cloacae_subsp_dissolvens_SDM_complete_genome	genome	-	NC_018079.1	t_pro_hok_sok_tadb	NaN - rows are merged	tblastn	NaN - rows are merged	352369	352226	144	1	48	48	4968248
9654it	Enterobacter_cloacae_subsp_dissolvens_SDM_complete_genome	genome	-	NC_018079.1	t_pro_hok_sok_tadb	not defined	infernal	1.9e-15	352372	352228	144	0	0	0	0
191480bt	Enterobacter_cloacae_subsp_dissolvens_SDM_complete_genome	genome	+	NC_018079.1	t_pro_hok_sok_tadb	NaN - rows are merged	tblastn	NaN - rows are merged	779760	779912	153	1	51	51	4968248
8034it	Enterobacter_cloacae_subsp_dissolvens_SDM_complete_genome	genome	+	NC_018079.1	t_pro_hok_sok_tadb	not defined	infernal	1.5e-18	779762	779908	146	0	0	0	0
2710iat	Enterobacter_cloacae_subsp_dissolvens_SDM_complete_genome	genome	+	NC_018079.1	at_nt_hok_sok_tadb	not defined	infernal	9.5e-12	779776	779988	212	0	0	0	0
